id,Order,q_id,content,answers,content_en,answers_en
4bd01006-9ec1-4703-8382-b7aa8adc9595,T25-00126,T25-00126,누구의 고민이 가장 신경쓰이나요?,"친구, 가족, 전문가 등",,
4aaf7656-25d0-45ca-b97c-154a18570520,T25-00230,T25-00230,"갈등이 생겼을 때, 가장 먼저 취하는 행동은 무엇인가요?","대화, 잠수, 솔직하게 말하기, 사과 등",,
37bdd1d2-7259-4203-8a8f-0609028173df,T25-00254,T25-00254,호감 있는 상대에게 정 떨어질 때는 ?,"무례함, 거짓말, 지저분함 등",,
97aa8352-b94e-400f-9ad1-be2e22f9ecbe,T25-00005,T25-00005,매일 일상에서 기대하는 소소한 즐거움이 있다면?,"아침 커피, 점심시간, 취미활동, 산책, 친구와 수다",,
98c56c3d-5a5c-44f3-9d0a-db4f0b6096d2,T25-00006,T25-00006,지금 당장 하고 싶은 것을 할 수 있다면?,"달콤한 낮잠, 해외여행, 쇼핑, 재테크, 데이트",,
6a863e38-2b60-4d70-9532-6c5c79a89859,T25-00007,T25-00007,갑자기 평생 걱정없이 살수 있는 동뭉이 된다면?,"나무늘보, 고양이, 강아지, 야생마, 호랑이, 판다",,
1650f743-2944-4ba4-9d7d-b601eefac8e0,T25-00008,T25-00008,당신을 행복하게 만드는 음식이 있나요?,"케이크, 치킨, 떡볶이, 한식, 짜장면, 마라탕",,
f610c779-d16d-4e9f-b0f1-596f8d28be25,T25-00010,T25-00010,집에서 가장 편안함을 느낄 때 입는 옷 스타일은?,"잠옷, 트레이닝복, 홈웨어, 레깅스, 원피스, 반바지",,
cbab388a-a923-4043-b983-20860377a60a,T25-00011,T25-00011,"먹고 싶은 거 다 먹어도 살 안 찐다면, 지금 먹고 싶은 음식은?","곱창, 치킨, 떡볶이, 튀김류, 족발,마라탕",,
0808a466-8310-4285-8244-937f26b6864d,T25-00012,T25-00012,당신의 학창시절 흑역사 썰을 하나 푼다면?,,,
738d3b0b-c358-414a-8d3f-6c4ed3395b0b,T25-00013,T25-00013,"당신이 키우는 식물이 갑자기 말을 한다면, 당신을 향한 첫마디가 뭘까요?",,,
9cbf41a4-b4cd-42ef-9292-b387c41a4aa6,T25-00015,T25-00015,최고의 숙면을 위해 당신이 하는 루틴이 있다면?,"6시전에 저녁밥, 핸드폰 거리두기, 하루애 충분한 수분섭취, 릴렉스 운동",,
3837cd1b-316b-4090-bb9a-c2e18ccfc52c,T25-00016,T25-00016,"깊은밤,당신의 잠을 깨우는 무언가가 있다면?","화장실, 야식, 집안소음, 야외소음, 악몽",,
42fa0a4b-8db5-43d7-ae8d-c06e812b42df,T25-00020,T25-00020,당신이 보는 저녁/밤의 풍경을 한 단어로 표현한다면?,"노을, 별밤",,
1b957980-27cf-4a3a-8bca-17fa0898f74d,T25-00021,T25-00021,오늘 하루끝에 소확행을 느끼게 하는 작은 루틴이 있다면?,"일기쓰기, 연인과 대화, 반신욕",,
35425a88-7211-4c4e-ace7-49c2f4da317d,T25-00023,T25-00023,당신에게 어린시절 소소한 추억을 떠오르게 만드는 특별한 장소가 있다면?,"관광지, 공원, 놀이터, 카페, 해변",,
b355d68f-c881-4efb-bdd8-d7306bd41484,T25-00024,T25-00024,최근에 실컷 웃었던 에피소드 하나를 공개 한다면?,,,
f3f28a67-9d3e-44cd-8fb7-5a248657568d,T25-00025,T25-00025,"너무 웃다가 배꼽이 빠진다면, 당신의 다음 행동은?","빠진배꼽 보고 더 웃으며 병원, 테이프로 고정하고 정색하며 병원",,
f5fa71ba-7286-4da0-9fb3-a70ce2647b52,T25-00027,T25-00027,오늘 아침에 가장 좋았던 순간을 꼽자면?,"따뜻한 커피, 쨍한 햇살",,
087620ff-31ce-4125-95f2-8cd95314a86a,T25-00028,T25-00028,"하루를 만족스럽게 만들기 위해서, 당신은 정해놓은 루틴이 있나요?",,,
651dd38f-4e9b-44e3-9625-e48ea6c1c32f,T25-00029,T25-00029,"길을 걷다 발을 헛디뎌서 넘어졌다면, 그때 드는 첫 생각은?","일단 기절한 척, 벌떡일어남, 바로 달려나감",,
00aa2a1d-a783-467c-b04b-dc847debd79d,T25-00030,T25-00030,당신이 취미를 설명할 수 있는 카테고리는?,"단순 재미, 창의적 작품, 활동적, 취미공유",,
dbb1f3e1-5bd3-4d21-a409-2e3d0a330bc1,T25-00031,T25-00031,새로운 취미를 찾을 때 가장 끌리는 것은 무엇인가요?,"단순 재미, 창의적 작품, 활동적, 취미공유",,
973ee294-3955-4ae6-808c-76fdda07c6be,T25-00032,T25-00032,당신이 집에 있을때를 행복하게 만들어주는 로봇이 생긴다면?,"게임 로봇, 요리 로봇, 청소로봇, Pet 돌봄로봇",,
9ea5e36e-a18c-4cba-b3a5-8d088051be0e,T25-00034,T25-00034,당신의 잠자는 습관을 표현하자면?,"대자로, 새우처럼, 얼굴 가리고",,
253c0fbe-79cb-4a98-af25-6bfe3181b2b7,T25-00036,T25-00036,당신은 하루 중 언제 가장 편안한 시간을 보내나요?,"새벽, 저녁",,
09133781-db9a-4af8-938f-9309b5f69767,T25-00037,T25-00037,당신의 기분을 순식간에 좋게 만드는 마법 같은 것이 있나요?,"따뜻한 햇살, 분위기에 맞는 음악",,
f5994ecf-b79f-4b35-9d58-d6e5e1033e78,T25-00038,T25-00038,"당신이 양말 한 짝을 잃어버렸다면, 당신의 해결책은?","버리고 새로사기, 찾을때 까지 뒤지기",,
3bcd3eca-cb9f-458e-916b-da9bac120eab,T25-00039,T25-00039,"당신이 지칠 때, 당신에게 가장 확실한 에너지 충전소는?","수면, 음악, 커피",,
f4f3884c-f8f3-4884-9d14-c01ab165f812,T25-00040,T25-00040,가끔 '에라 모르겠다!' 하며 저질러 버리는 것이 있다면?,"야식, 쇼핑, 고백",,
d2bba6c9-0d91-42fb-8225-aa42af9523f2,T25-00041,T25-00041,당신의 기분을 바로 '리셋'해주는 것이 있다면?,"인기예능, pet, 산책, 낮잠",,
1ff26a51-767f-46b7-b83f-3779bb4b4126,T25-00042,T25-00042,"너무 지루할 때, 당신에게 가장 생각하는 계획은?","친구에게 전화, 영화검색, 여행계획",,
c0991112-5813-4a3e-92fc-a562e3ac5fe9,T25-00045,T25-00045,주말에 당신을 위한 최고의 음식을 만든다면?,"갈비, 치킨, 떡볶이, 아구찜, 건강식, 라면",,
d331a047-7dd8-4236-9f88-cc1119a0e2c8,T25-00046,T25-00046,일년에 딱 하루 혼자만의 시간을 가질수 있다면?,"깊은잠, 폭퐁쇼핑",,
06be7dcd-95d1-4cc6-b2d6-532537b510ec,T25-00047,T25-00047,"당신의 심장을 뛰게 하는 달콤한 유혹이 있다면, 그것은?","달콤한 디저트 사진, 너무 잘생긴 배우, 넓은 풍경",,
d135c6ce-6c99-46dd-85dc-504b2a06cc79,T25-00048,T25-00048,확실한 행복을 위해 오늘 내가 도전한 것이 있다면?,,,
71df60c0-304b-4ccd-b9fe-f1fef9a3179a,T25-00019,T25-00019,"당신에겐 반려동물이 있다, 그 동물의 이름은?","반짝이, 지니, 미냥이, ",,
3155979a-28e0-4ca8-b206-99bc7ccd5504,T25-00017,T25-00017,마음의 안정을 위한 비밀 병기가 있다면?,"따뜻한 차, 명상",,
c44649ff-3e9f-478d-9c85-bcb1bdef3b3b,T25-00044,T25-00044,"일년에 딱 하루만 자유가 있다면, 지금 이순간 떠오르는것은?","낮잠, 영화보기",,
76b25a61-bc09-48d4-92aa-38b6c798e81e,T25-00043,T25-00043,당신은 스트레스를 풀기위해 해본 가장 기발하거나 웃긴 해소법이 있나요?,"고함 지르기, 노래 부르기, 막춤추기",,
4ca7737e-94d5-4f7e-a3dd-c5ddd69ce89b,T25-00049,T25-00049,"당신의 꿈에서 5만원을 줍는다면, 당신이 집중하는 것은?","5만원 주인, 돈 줍는 해몽, 사용처 고민",,
ad79a7f7-cb65-423b-805d-81051c19118a,T25-00050,T25-00050,"당신에게 예상치 못한 행운이 왔다면, 가장 먼저 누구와 나누고 싶나요?","가족, 친구",,
6aab7774-b961-48dc-9267-ad2eda339577,T25-00051,T25-00051,"당신이 지친 하루를 마치고 집에 돌아왔을 때, 당신을 가장 먼저 웃게 하는 것은 무엇인가요?","따뜻한 차 한 잔, 반려동물, 가족",,
d65397de-c59c-4689-b85c-a064e97d9df4,T25-00052,T25-00052,"만약 당신의 고민을 들어주는 비밀 요정이 있다면, 가장 먼저 이야기 하고 싶은 주제는 뭔가요?","고백상담, 친구갈등, 부모 갈등, 미래계획, 재테크",,
ccdee5be-f82e-4149-b12a-ed032d13a3e4,T25-00107,T25-00107,"당신은 지친 하루 끝에, 어떤 즐거움으로 기분 전환을 하나요?","음악 감상, 맛있는 음식",,
2d52323c-6ffc-4995-82f6-650d73e8aa67,T25-00053,T25-00053,"당신이 갑자기 슈퍼히어로가 된다면, 당신의 사랑하는사람에게 가장 해주고 싶은것은?","하늘날기, 순간이동, 해결사되기",,
9bce52f0-bb17-4f50-8c37-35489c3fa4ed,T25-00054,T25-00054,"당신이 갑자기 슈퍼히어로가 된다면, 당신의 가족에게 가장 해주고 싶은것은?","하늘날기, 순간이동, 해결사되기",,
c394e1ad-cf54-4180-a283-399600329346,T25-00001,T25-00001,당신에게 하루의 피로를 싹 날려버리는 킥이 있다면?,"낮잠, 산책, 달리기, 영화보기",,
2dd999d5-633e-433e-940e-cd4d1694ce3f,T25-00004,T25-00004,당신이 하루중에 가장 편안함을 느끼는 순간이 있다면?,"이불 속, 커피한잔, 새벅조깅, TV시청",,
a14a2242-375c-47d7-bcd1-2d42d85af20b,T25-00009,T25-00009,스트레스 받을 때 최고의 위로 음식은?,"케이크, 치킨, 떡볶이, 한식, 짜장면, 마라탕",,
ea1272d7-c9b0-4018-93ec-fc70486a9108,T25-00014,T25-00014,"오늘 당신이 한 일이 보상으로 돌아온다면, 그건?","돈, 칭찬, 수료증, 자격증, 여행, 반려자",,
849190e1-2d13-4911-a137-a9bb934a1cff,T25-00018,T25-00018,당신이 가장 좋아하는 여행의 테마는?,"모험, 크루즈, 드라이브, 호캉스, 관광지, 해외쇼핑",,
4003beab-b613-4617-b9c0-528eae81f326,T25-00022,T25-00022,"무조건 써도 되는 백만원을 갖게 된다면, 당신의 계획은?","맛집예약, 비행기티켓예약, 주식사기",,
14144594-d90d-4e3f-a4f2-eaac6f25bcf6,T25-00026,T25-00026,오랜만에 만난 친구와 함께 추억을 남기기 위해 하고 싶은것은?,"셀카 같이 찍기, 인생4컷, 자물쇠 걸기, 같이 요리 해먹기, 같이 숏츠찍기",,
83fc1db1-779c-42df-92c6-dbd92213a436,T25-00033,T25-00033,"긴 하루를 보낸 당신, 가장 큰 위로를 받는 것은 무엇인가요?","따뜻한 차, 좋아하는 음악, 가족과 수다, 친구와 수다. 애인에게 투정",,
3b4d0e63-d2f1-4a14-9976-5b1bba0a12c2,T25-00035,T25-00035,"순간 스트레스가 많아지면, 가장 먼저 찾는 공간이 있나요?","아늑한 침대, 조용한 카페, 분주한 길거리",,
dae57451-3a79-4e08-abd0-f5a6f2abfd3e,T25-00055,T25-00055,"당신이 갑자기 슈퍼히어로가 된다면, 당신의 주변 사람에게 가장 해주고 싶은것은?","하늘날기, 순간이동, 해결사되기",,
8862a9c9-4bde-423a-8d1c-1126402d7982,T25-00056,T25-00056,오늘 하루 속에서 예상치 못한 작은 행복을 하나 정한다면?,,,
04e06e52-51e7-4c4d-a1ba-6fdfd38fe2d5,T25-00060,T25-00060,혼밥할 때 생기는 초능력이 있다면 무엇인가요?,"음식 순삭 능력, 설거지 자동 소멸",,
95f079ee-a41e-4220-a78a-5bba4b9284f0,T25-00066,T25-00066,요리를 했는데 너무 많이 남은 재료를 즉시 처리해야 한다면?,"새로운 요리, 쓰레기통, 주변과 나누기",,
79375ac7-5721-4935-ac45-9b2e5d0cfe39,T25-00067,T25-00067,"무조건 모든 재료가 준비된다면, 가장 해 보고 싶은 요리는?","스테이크, 파스타,케밥",,
50df8c54-347d-4c37-8c10-e1760ee860ec,T25-00057,T25-00057,"당신이 무언가를 직접 만들어서 성취감을 느낀다면, 가장 먼저 나누고 싶은 사람은 누구인가요?","가족, 친구",,
e1c79568-52e4-4298-9f23-5bda04e70016,T25-00058,T25-00058,"당신이 잠에서 깨어보니 갑자기 투명인간이 되었다면, 가장 먼저 찾아갈 곳은 어딘가요?","냉장고, 놀이공원",,
4bf9bd57-e7fd-4d68-9132-5b9987ceeaae,T25-00059,T25-00059,"혼밥을 할 때, 당신이 가장 중요하게 생각하는 것은 무엇인가요?","편안함, 자유로움, 미슐랭",,
3c5590c1-ac8a-4edf-9e37-ccbb3466b5f6,T25-00061,T25-00061,당신이 가장 즐겨 만드는 나만의 간편 요리는 무엇인가요?,"라면, 계란볶음밥, 김치찌게",,
c84ce112-11bc-41aa-a4c3-631744d0148f,T25-00062,T25-00062,당신에게 에너지원이 되는 것은 무엇일까요?,"휴식, 활동",,
77a0e6b8-d895-490e-8460-506a485d58f3,T25-00063,T25-00063,"토요일 아침, 당신의 기분을 행복하게 만들어주는 것은?","이불 속, 여유로운 아침밥",,
5bfd5564-32a0-4667-b3bf-94907264a483,T25-00064,T25-00064,당신은 익숙한 취미를 더 깊게 파고드는 것 아니면 전혀 새로운 분야를 탐험하는 것 중 어떤 것이 더 매력적인가요?,"새로운 것, 익숙함",,
4adf487d-9ded-4ae3-b8e3-a6fd2a6fb28a,T25-00065,T25-00065,"오늘 집밥과 배달 중 하나를 선택해야 한다면, 그 선택의 기준은 무엇인가요?","음식맛, 편리함",,
41205fda-e95f-46cb-b956-65e1f0fa5472,T25-00068,T25-00068,"업무 스트레스가 쌓일 때, 당신은 가장 먼저 찾는 당신만의 활력소는 무엇인가요?","운동, 휴식",,
ad567c5e-7905-411e-a154-2c4010090b11,T25-00078,T25-00078,"주말에 캠핑을 갈지 말지, 당신의 선택은?","이불 속, 캠핑",,
251e7adb-c320-429a-8819-15cf82e678a1,T25-00069,T25-00069,"스트레스로 머리가 지끈거릴 때, 스트레스를 순간 낮추기 위한 당신만의 킥은?","운동, 휴식",,
cd556145-0b02-4352-a775-f513af14a403,T25-00070,T25-00070,당신에게 가장 큰 위로를 안겨 주었던 썰을 하나 공개한다면?,,,
625d3d6b-212a-4419-a0bb-a5209a377acc,T25-00071,T25-00071,"당신의 하루가 힘들었다면, 당신에게 힘을 주는 것은 무엇입니까?","맛있는 음식, 따뜻한 차",,
f5fe46c3-af1e-4b0c-aed3-ec28e9b89923,T25-00072,T25-00072,"당신은 하루를 잘 버텨냈다면,  당신의 '나를 위한 당근'은 무엇입니까?","맛있는 음식, 따뜻한 차",,
5e2c18d9-8170-4216-8e7a-410e13317501,T25-00073,T25-00073,"당신은 스트레스 받는 날,  당신의 기분을 전환시키는 것은 무었입니까?","맛있는 음식, 따뜻한 차",,
582e6c9f-af46-4d19-849b-3a5675aa5f81,T25-00074,T25-00074,"당신은 주말에 날씨가 좋으면,  가장 먼저 떠오르는 것은?","가벼운 산책, 친구와 약속, 데이트",,
2e851db6-69be-4d7f-99c8-1e49c007a461,T25-00075,T25-00075,"낯선 곳에서 새로운 사람을 만나면, 당신은 먼저 다가가는 편인가요?","예, 아니오",,
f2ffe5a5-761c-4b66-a1dd-1e1fcbf852f6,T25-00077,T25-00077,"퇴근 후 당신에게, 넷플릭스 정주행과 온라인 게임 중 더 끌리는 것은?","넷플릭스, 온라인 게임",,
1115cff8-1cbe-479c-b1ab-e3438dca53fd,T25-00079,T25-00079,"너무 지쳐 당신이 어딘가로 떠난다면,  당신의 최종 목적지는?","침대, 바다",,
2174c61f-7754-451c-9260-ac36d3120266,T25-00080,T25-00080,"퇴근 후 당신을 미소 짓게 하는 당신의 소확행은, 무엇인가요?","시원한 맥주, 넷플릭스, 게임, 낮잠",,
4e213ecb-106c-457b-b661-e8786cf2abd4,T25-00081,T25-00081,지친 당신에게 가장 큰 위로가 되는 음식은?,"매운 떡볶이, 달콤한 케이크, 따뜻한 국물, 치킨",,
15bc1680-cc5c-45bb-97c4-12ce40fc6e0e,T25-00082,T25-00082,"먹었는데 살이 찌지 않는다면, 매일 밤 야식으로 먹고 싶은 음식은?","불닭, 치맥, 감자탕",,
eb62e413-d1ff-4127-bef6-fb1232976918,T25-00002,T25-00002,당신은  자신만의 웃긴 춤을 가지고 있나요?,"아이돌 춤 따라하기, 리듬에 몸 맡기기",,
5c6a428c-8b60-4719-a2d2-b164a76f8a66,T25-00083,T25-00083,"당신이 몰입할 수 있는 새로운 취미를 시작한다면, 어떤 분야입니까?","그림, 베이킹",,
448b7e42-5c88-4129-afb8-510ba3288427,T25-00084,T25-00084,"당신이 새로운 취미를 통해 멋진 나만의 결과물을 만들면, 누구에게 가장 자랑하고 싶나요?","가족, 연인, 친구",,
2cbda0d2-25e5-4ad9-bdb8-66476723fe82,T25-00085,T25-00085,"당신이 야심 차게 시작한 취미 결과물이 누가 봐도 이상하다면, '이것이 바로 현대 미술'이라고 우긴다 or '그냥 예쁘게 봐 달라'고 호소한다 중 어떤 선택입니까?","우긴다, 호소한다",,
7a6760db-1013-4c10-a0d3-156800123d46,T25-00086,T25-00086,"당신이 퇴근 후 집에 오면, 가장 먼저 하는 일은?","샤워, 청소, 세탁기,음식하기",,
c5a34ec0-f3f0-4c20-acf5-7a97fdd28f28,T25-00087,T25-00087,"당신이 뜻밖의 작은 선물을 받으면, 그건 무엇일까요?","향수, 액세서리, 책, 케잌",,
c6882cab-786f-4294-ae36-dc606d9000da,T25-00088,T25-00088,"당신이 지친 하루 끝에 치킨을 시켰는데 서비스로 1.2리터 콜라가 세 병 더 온다면, 당신의 해결책은?","쟁여둔다, 업소에 전화한다, 이웃과 나눈다.",,
563afa40-4df7-4848-8809-38b3959fc7a8,T25-00089,T25-00089,스트레스 풀 때 당신의 가장 확실한 비법은 무엇인가요?,"낮잠, 맛있는 음식",,
0f8dfec1-c08b-4ca5-b97a-bcb26c2175a9,T25-00090,T25-00090,"당신이 에너지가 바닥났을 때,  당신의 몸이 '갑자기 이것!'을 내놓으라고 소리친다면?","달콤한 것, 낮잠",,
6692c1e7-82f8-48ce-8fb3-48bd17115d1d,T25-00091,T25-00091,"활력을 찾을 때"", 당신은 혼자가 좋은가요,"" 친구와 함께가 좋은가요?","혼자, 함께",,
f2508c5c-95a7-4565-a3b3-b44d813db259,T25-00092,T25-00092,"지친 당신이 다시 충전될 때, 당신의 특별한 '힐링 의식'은 무엇인가요?","음악 감상, 달콤한 낮잠",,
f33f8907-c42e-43b2-a338-fef1abaac53c,T25-00093,T25-00093,기분 전환이 필요할 때 당신이 찾는 음식은?,"매콤한 떡볶이, 시원한 맥주",,
8253e36c-cc52-4e1f-81fe-99e48cc0c873,T25-00094,T25-00094,"만약 당신에게 '뭐든지 소멸' 마법이 생긴다면, 당신은 무엇을 가장 먼저 없애고 싶나요?","설거지, 월요병",,
c6c95b66-babe-44d7-9f14-436c71bca8a7,T25-00095,T25-00095,"퇴근 후 지친 몸과 마음을 달래는 당신은, 어떤 방법으로 스트레스를 해소하나요?","운동, 넷플릭스",,
f12124ce-8d4f-4c54-af42-787e85b0c0e6,T25-00096,T25-00096,"세상의 모든 스트레스를 한 입에 날려버릴 수 있는 당신이 있다면, 어떤 맛의 '스트레스 해소 젤리'를 먹을 건가요?","매운맛, 단맛, 딸기맛, 레몬맛",,
cd899910-f437-46f6-a80e-2e659cec735d,T25-00097,T25-00097,"퇴근 후 잠깐의 여유를 즐기는 당신에게, 가장 확실한 '소확행'은 무엇인가요?","따뜻한 차 한 잔, 좋아하는 드라마 시청",,
681b44b8-33b4-43d8-8424-2874254f396a,T25-00101,T25-00101,"예상치 못한 택배의 일찍 도착 알림을 받았을 때, 당신의 마음은?","설렘, 행복함",,
f6b42f89-7eee-4b26-8483-aee464ff8227,T25-00106,T25-00106,"오늘 당신이 먹는 모든 음식이 0칼로리가 된다면, 아니면 당신이 가장 먼저 먹고 싶은 음식은 무엇인가요?","치킨, 케이크",,
f9cd9511-98b7-468b-a307-cb729a70fe87,T25-00108,T25-00108,"만약 당신이 한 달간 모든 걱정을 내려놓고 쉴 수 있다면, 어떤 기상천외한 취미를 시도해볼 건가요?","잠자기, 넷플릭스 정주행",,
6f2461c7-f94b-437a-8333-23314b47695a,T25-00109,T25-00109,"당신이 언젠가 꼭 배우고 싶은, '나를 위한' 새로운 기술이나 취미가 있나요?","악기 연주, 그림 그리기",,
bf840496-99a3-40bc-adc5-3376915b516f,T25-00110,T25-00110,당신에게 가장 편안함을 주는 것이 무엇인가요?,"따뜻한 차, 좋아하는 음악",,
58f9b4a3-3226-48e0-8706-d00a634d3788,T25-00111,T25-00111,당신을 미소 짓게 하는 소소한 순간은 어떤 건가요?,"햇살, 낮잠",,
ff2d8e63-2618-454d-bcec-8aafe4ecd16b,T25-00098,T25-00098,"퇴근 후 당신은 새로운 취미를 시작한다면, 혼자 vs 여러사람?","요리, 운동",,
90421ad3-980c-4ccf-ae32-ff25c0c27213,T25-00099,T25-00099,"당신에게 퇴근 후,  누구와 함께 하고 싶나요?","뿌듯함, 상쾌함",,
c6207e17-3722-4afb-bb65-a791e67afa53,T25-00100,T25-00100,피곤한 당신이 퇴근 후 운동 vs 침대?,"꿀잠, 휴식",,
822fd7c5-6c9f-4f8d-abf1-7daef99f4341,T25-00103,T25-00103,"푹신한 이불 속으로 막 들어갔을 때, 처음 드는 생각은?","따뜻함, 편안함",,
0f3ed019-df4f-4391-abd9-d1cb1c8d4878,T25-00102,T25-00102,"잃어버린 줄 알았던 물건을 찾았을 때, 처음 드는 생각은?","한숨부터 나옴, 눈물부터 나옴, 화가남",,
98eb97b8-72cb-470b-bcac-cfa2c98dbee8,T25-00112,T25-00112,"만약 당신이 한 달 동안 한 가지 음식만 먹어야 한다면, 무엇인가요?","치킨, 라면",,
ef8acf21-da6b-4dde-8b8f-3df97850e828,T25-00113,T25-00113,"고민이 있을 때, 가장 먼저 누구에게 말하나요?","친구, 엄마, 연인, 나 자신, 전문가",,
1d6353c7-a5c1-4944-a13b-a6718b6bcb18,T25-00114,T25-00114,상대방의 어떤 행동에 가장 호감을 느끼나요?,"배려, 솔직함, 유머, 웃는 모습 등",,
bf71dda7-3584-49d1-afd1-366184e1c01c,T25-00115,T25-00115,요즘 당신의 마음을 가장 '심란'하게 하는 것은 무엇인가요?,"미래, 관계, 시험, 경제 문제 등",,
c7aa55aa-d068-4302-8d23-11f9967b7a1a,T25-00116,T25-00116,연애 고민이 생기면 누구에게 가장 먼저 상담하나요?,"친구, 부모님, 나 자신 등등",,
418b86df-5dee-495d-9811-8c19703ad253,T25-00117,T25-00117,가장 중요하다고 생각하는 당신의 가치관은 무엇인가요?,"정직, 자유, 성장, 행복 등등",,
4120e74e-4936-4ba1-9975-7ad107cda02f,T25-00118,T25-00118,일상에서 가장 크게 세대차이를 느끼는 순간은 언제인가요?,"유행어, 스마트폰 사용법, 특정 문화 등등",,
b612d74e-2a45-4faf-bac8-b3c9fd6937ea,T25-00119,T25-00119,호감을 표현할 때 당신의 주된 방법은 무엇인가요?,"선물, 말, 행동, 표현 등",,
82e128cc-24a5-4dd9-a69f-083ee82aa943,T25-00120,T25-00120,고민이 생기면 주로 누구에게 털어놓나요?,"친구, 가족, 나 자신, 전문가 등",,
345bd5eb-00fe-4cb7-98b4-761e2540d106,T25-00121,T25-00121,자신의 성격을 한마디로 표현한다면?,"활발함, 내성적, 꼼꼼함, 자유로움 등",,
c525c3f6-69c2-4f89-8c38-d5610301339e,T25-00122,T25-00122,상대에게 호감이 생기는 순간은 주로 언제인가요?,"눈 마주칠 때, 배려해줄 때, 웃는 모습 등",,
8ec70a31-c73f-460a-bfea-bbcbb510930b,T25-00123,T25-00123,어려운 고민이 생겼을 때 가장 먼저 찾는 사람은 누구인가요?,"친구, 엄마, 연인, 나 자신, 전문가",,
f2e1ef1c-2d0a-483b-a755-30f7f162f122,T25-00124,T25-00124,나의 성격을 한 단어로 표현한다면?,"낙천적, 외향적, 신중함, 활발함, 내성적, 꼼꼼함, 자유로움 등",,
39c85981-6e70-49ff-9e9f-3aa1ebb01803,T25-00125,T25-00125,누군가에게 호감이 생길 때 가장 중요하게 보는 것은 무엇인가요?,"성격, 유머, 가치관 등",,
0f705cfe-5d7e-4a7a-98d3-61d4322c0faf,T25-00127,T25-00127,스스로 자신감이 넘친다고 느낄 때는 언제인가요?,"목표를 이룰 때, 칭찬받을 때 등",,
ffa5d687-b478-40f5-91b6-43289266c372,T25-00128,T25-00128,상대방에게 호감을 느낄 때 가장 먼저 하는 행동은 무엇인가요?,"말 걸기, 웃어주기, 연락하기 등",,
716acfde-2035-4b27-b618-63f4a5e293f5,T25-00129,T25-00129,스스로에 대해 가장 많이 생각하는 순간은 언제인가요?,"밤에 잠들기 전, 혼자 있을 때, 힘든 일 겪을 때 등",,
0ad31ac8-c807-4992-b177-25a74c2e9cb0,T25-00130,T25-00130,최근 당신을 설레게 한 새로운 도전은 무엇인가요?,"새로운 일 시작, 여행, 운동, 배움 등",,
df53bcc3-cbca-4cd3-87ea-478f924fa9b3,T25-00131,T25-00131,관심 있는 상대에게 보내는 당신만의 신호는 무엇인가요?,"눈빛, 문자, 선물 등",,
4820edae-cd0b-4219-ac9b-afd48bc55f47,T25-00132,T25-00132,기분이 우울할 때 당신을 달래는 가장 좋은 방법은 무엇인가요?,"음악, 산책, 잠 등",,
1a7d272f-1052-4414-ad12-257d9b69c52f,T25-00133,T25-00133,인생에서 가장 중요하다고 생각하는 가치는 무엇인가요?,"사랑, 자유, 명예 등",,
5717c485-ad4b-4702-b7d1-2ea6698e40a0,T25-00134,T25-00134,연애할 때 가장 중요하다고 생각하는 한 가지는 무엇인가요?,"소통, 신뢰, 성격, 배려 등등",,
fc6f30bc-c938-41a3-bacf-53cfb4a7da17,T25-00135,T25-00135,스트레스를 받을 때 당신을 위로해주는 것은 무엇인가요?,"음악, 잠, 음식, 운동 등등",,
7e23c1db-6932-4d08-b8b9-3428ac90082b,T25-00136,T25-00136,최근 나 자신을 칭찬해주고 싶었던 순간은 언제인가요?,"작은 성취, 새로운 도전, 어려움 극복 등등",,
595dd2d8-cb08-4341-be4d-d425965bddd5,T25-00137,T25-00137,썸 탈 때 가장 설레는 순간은 언제인가요?,"연락 올 때, 눈 마주칠 때 등",,
c5b61502-5c00-4beb-a614-97334b795e38,T25-00138,T25-00138,힘든 하루를 보낸 후 나를 위로하는 나만의 방법은 무엇인가요?,"맛있는 음식, 영화 보기, 잠자기 등",,
813210d1-9076-4f59-b770-49b0c3d9e219,T25-00139,T25-00139,나의 성격을 한 단어로 표현한다면?,"다혈질, 외향적, 계획적 등",,
a21e66b6-93ad-46ed-847d-7f5741c46ca9,T25-00140,T25-00140,이상형의 외모에서 가장 중요하게 보는 부분은 무엇인가요?,"눈, 미소, 분위기, 스타일 등",,
55503a27-f1c2-4be6-b089-e61d1caee3c5,T25-00141,T25-00141,스트레스를 받을 때 주로 하는 행동은 무엇인가요?,"잠자기, 산책, 맛있는 음식 먹기 등",,
c53a5b72-aec0-45f2-aff3-809f1271e722,T25-00142,T25-00142,친구 관계에서 가장 중요하다고 생각하는 가치는 무엇인가요?,"신뢰, 솔직함, 배려 등",,
0cc5d3a1-a1eb-4e45-afe9-2a0b70545a14,T25-00143,T25-00143,연애 고민이 생기면 주로 누구에게 털어놓나요?,"친구, 가족, 전문가, 혼자 등",,
a73d1995-4a8c-41b4-bd9a-547981665485,T25-00144,T25-00144,자신의 성격 중 타인에게 가장 많이 듣는 평가는 무엇인가요?,"섬세하다, 털털하다, 고집 세다, 다정하다 등",,
e3fdb0da-9eb0-415f-aa75-e78212fa5ff8,T25-00145,T25-00145,새로운 인연을 위해 가장 먼저 해보고 싶은 것은 무엇인가요?,"연락하기, 만남 제안, 취미 공유, 고백 등",,
9a669263-f6f8-4c76-9059-1c6e642ab486,T25-00146,T25-00146,연애 고민을 털어놓을 때 가장 먼저 찾는 사람은 누구인가요?,"친구, 가족, 전문가 등",,
6e154e53-e359-4a57-b0ca-47d979c07f68,T25-00147,T25-00147,당신의 성격 중 주변에서 가장 많이 언급하는 특징은 무엇인가요?,"활발함, 차분함, 고집 등",,
d82b675c-0046-47ad-8597-7ef8b3cc22ed,T25-00148,T25-00148,당신에게 용기와 힘을 주는 한마디는 무엇인가요?,"잘하고 있어, 포기하지 마 등",,
82c32c63-38a9-47fd-92c9-b6bac77eca5b,T25-00149,T25-00149,힘든 하루를 보낸 후 당신을 가장 위로하는 것은 무엇인가요?,"눈빛, 유머, 배려, 공감 등등 A: 늦잠, 미루기, 눕기, 웹서핑 등등 A: 음악, 친구, 잠, 산책, 따뜻한 차 등등",,
98cc7124-e356-4f3f-91d4-429b02843d6e,T25-00150,T25-00150,"연애 고민이 생겼을 때, 가장 먼저 찾는 사람은 누구인가요?","친구, 언니/오빠, 부모님, 전문가 등",,
85c25f64-58da-4cdd-ae87-e6761d672c74,T25-00151,T25-00151,최근 가장 새롭게 배우고 싶은 것은 무엇인가요?,"코딩, 악기, 외국어, 요리 등",,
44318f88-7323-4776-b24f-55274308bc3d,T25-00152,T25-00152,당신을 가장 잘 나타내는 성격 키워드는 무엇인가요?,"긍정적, 계획적, 솔직함, 유쾌함 등",,
810ee8aa-dd0b-4a78-a271-3df8c63e63eb,T25-00153,T25-00153,연애 고민이 있을 때 가장 먼저 찾는 사람은 누구인가요?,"친구, 엄마, 나 자신 등등",,
a9d1dc8e-f756-4c47-b3be-c61325234b66,T25-00154,T25-00154,요즘 당신을 가장 행복하게 하는 것은 무엇인가요?,"음악, 맛있는 음식, 여행, 산책 등등",,
f505d5da-b5c3-4306-a003-b24258c42d9d,T25-00155,T25-00155,당신이 생각하는 이상적인 연애의 가장 중요한 요소는 무엇인가요?,"신뢰, 소통, 존중, 유머 등등",,
6895af84-e218-4d5f-865e-bfd22395dc0e,T25-00156,T25-00156,연애 관계에서 가장 중요하게 생각하는 한 가지는 무엇인가요?,"신뢰, 소통, 편안함 등",,
a9706b92-3a51-4a82-b19d-25f8ac65d31e,T25-00157,T25-00157,힘들 때 나만의 스트레스 해소법은 무엇인가요?,"운동, 음악, 잠자기 등",,
05b1b7a6-a525-4dfa-b18c-374212643517,T25-00158,T25-00158,나를 가장 잘 표현하는 단어는 무엇인가요?,"긍정적, 호기심, 차분함 등",,
9a391f85-fa35-4607-95d0-228c43592bbe,T25-00159,T25-00159,친한 사람과 '이것'만은 꼭 맞춰야 한다고 생각하는 것은 무엇인가요?,"식성, 여행지, 가치관 등등",,
32d759a7-49cc-48b2-92e8-7a8a86a91ead,T25-00160,T25-00160,요즘 나를 가장 잘 나타내는 한 단어는 무엇인가요?,"바쁨, 설렘, 성장 등등",,
819cc8d5-be4a-4e88-a9f0-b28c2b361360,T25-00161,T25-00161,인간관계에서 가장 중요하다고 생각하는 가치는 무엇인가요?,"신뢰, 소통, 존중 등등",,
0f365d97-ab4d-48ed-879b-4cde46440489,T25-00162,T25-00162,좋아하는 마음을 표현하는 당신만의 방법은?,"편지, 선물, 직접 말하기, 행동으로 등등",,
f1afe1e2-0510-4ab4-9dbe-d871a2bd8ca1,T25-00163,T25-00163,고민이 생겼을 때 가장 먼저 찾는 사람은 누구인가요?,"친구, 부모님, 나 자신, 전문가 등등",,
09c3f831-f5c1-4247-a7df-020bb8e24799,T25-00003,T25-00003,당신의 주말을 위해 딱 한 가지 소원을 빈다면?,"늦잠, 맛집, 데이트,여행",,
7030b64a-8f99-4ee4-beca-a15ba5dd010a,T25-00164,T25-00164,관계에서 가장 중요하다고 생각하는 가치는 무엇인가요?,"신뢰, 소통, 솔직함, 존중, 배려 등등",,
888c5058-265b-438b-b634-e161423ec406,T25-00165,T25-00165,누군가에게 마음을 표현해야 할 때 가장 필요한 것은 무엇이라고 생각하나요?,"용기, 진심, 타이밍 등",,
bc68eb25-6cf6-42ac-be2e-b66649fc2b8f,T25-00166,T25-00166,무언가 혼란스러울 때 자신을 위해 주로 무엇을 하나요?,"산책, 음악 듣기, 잠자기 등",,
3b78a968-922f-41cc-89bb-0da975b87fce,T25-00167,T25-00167,새로운 관계를 시작할 때 상대방에게서 가장 중요하게 보는 점은 무엇인가요?,"가치관, 유머, 배려심 등",,
56d89983-0598-4659-8315-13d3a67f21da,T25-00168,T25-00168,감정 표현이 어려울 때 가장 먼저 찾는 방법은 무엇인가요?,"일기쓰기, 혼자 생각, 친구에게 말하기, 운동 등",,
651b7707-5509-445d-9fa0-73a338ca4a4d,T25-00169,T25-00169,고민이 있을 때 가장 먼저 찾는 사람은 누구인가요?,"가족, 친구, 나 자신, 전문가 등",,
88d349b6-e56e-4adb-8434-5aace84891a7,T25-00170,T25-00170,인생에서 가장 용기가 필요했던 도전은 무엇이었나요?,"고백, 이직, 여행, 창업 등",,
518ae6ed-d34d-4488-9ccf-3a57379a9678,T25-00171,T25-00171,연애에서 가장 중요하다고 생각하는 가치는 무엇인가요?,"신뢰, 소통, 유머 등",,
3232a145-9354-4980-a22f-d313b0129d9d,T25-00172,T25-00172,답답할 때 주로 어떻게 스트레스를 푸나요?,"운동, 음악 듣기, 친구와 수다 등",,
55956086-8f66-4c51-bc68-99850f7ae31e,T25-00173,T25-00173,요즘 가장 용기가 필요한 순간은 언제인가요?,"고백, 발표, 새로운 시작 등",,
49b6baf5-bafd-43bd-b4ba-2740bd02fd6d,T25-00174,T25-00174,감정 표현이 어려울 때 가장 먼저 떠올리는 방법은 무엇인가요?,"일기 쓰기, 친구와 대화, 혼자 생각하기 등등",,
672ba69a-0292-47eb-bb53-1e39a0a046ec,T25-00175,T25-00175,자신을 돌아보는 시간을 가질 때 주로 하는 활동은 무엇인가요?,"산책, 음악 감상, 독서, 멍때리기 등등",,
96cfbd29-52a0-4f9e-bec8-b2ddbb90cf41,T25-00176,T25-00176,가장 '나답다'고 느끼는 순간은 언제인가요?,"혼자 있을 때, 친구들과 웃을 때, 새로운 것을 배울 때 등등",,
c897992f-355a-4dc8-886d-5389001c0b7e,T25-00177,T25-00177,스스로에게 힘을 주고 싶을 때 가장 먼저 하는 것은 무엇인가요?,"노래 듣기, 산책하기, 잠자기, 맛있는 것 먹기 등등",,
5dec1afa-76cb-4ab2-b6c6-fa08676421f0,T25-00178,T25-00178,첫 연애를 떠올릴 때 가장 먼저 생각나는 감정은 무엇인가요?,"설렘, 후회, 아련함, 불안함 등등",,
a6fa1567-94e3-4494-808f-900fcfa57ac0,T25-00179,T25-00179,힘들거나 고민이 있을 때 가장 먼저 찾는 사람은 누구인가요?,"친구, 가족, 연인, 나 자신 등등",,
63badbd7-31de-41f7-9400-b734e8f22e0b,T25-00180,T25-00180,"누군가를 좋아하게 될 때, 스스로에게 가장 먼저 묻는 질문은 무엇인가요?","내가 잘할 수 있을까?, 진심인가?, 후회 없을까? 등",,
a2df76cf-7ebe-4594-bc26-0532f7277ec6,T25-00182,T25-00182,"새로운 도전을 앞두고 있다면, 가장 먼저 하고 싶은 일은 무엇인가요?","계획하기, 정보 찾기, 마음 다지기 등",,
bb4be5f7-d089-4476-ad38-8477e35a3269,T25-00183,T25-00183,연애에서 가장 중요하다고 생각하는 것은 무엇인가요?,"신뢰, 대화, 유머, 배려 등등",,
74cc6f09-1f65-4061-b515-fe0365b21ba3,T25-00184,T25-00184,당신의 성격을 한 단어로 표현한다면?,"낙천적, 외향적, 신중한, 현실적 등등",,
bff28bcb-faf9-4f54-ab29-b2e3bf3b0e2b,T25-00185,T25-00185,부자가 된다면 가장 먼저 무엇을 하고 싶나요?,"세계여행, 집 장만, 기부, 은퇴 등등",,
16be4c19-6264-4553-93d6-83396f677287,T25-00186,T25-00186,연애 상대를 볼 때 가장 먼저 눈에 들어오는 것은 무엇인가요?,"유머, 외모, 목소리, 성격 등",,
913d5879-52df-40fc-9603-101743a77dbd,T25-00187,T25-00187,나를 한 단어로 표현한다면 무엇인가요?,"호기심, 열정, 신중함, 차분함 등",,
52d9bb11-4613-4c03-9dcb-b5838972c17e,T25-00188,T25-00188,일상 속 스트레스를 한 방에 날리는 나만의 방법은 무엇인가요?,"낮잠, 산책, 게임, 매운 음식 등",,
e7118092-f749-4c5a-9ae7-a6efbbdebcf9,T25-00189,T25-00189,사랑 고백을 할 때 가장 중요하다고 생각하는 것은 무엇인가요?,"진심, 타이밍, 용기, 분위기 등",,
d297740e-6596-47aa-aceb-1c73af9487b6,T25-00190,T25-00190,요즘 스스로에게 가장 많이 던지는 질문은 무엇인가요?,"잘 하고 있나, 다음은 뭘까, 행복할까 등",,
2549c162-60c1-4f37-acf8-128935b845b6,T25-00191,T25-00191,앞으로 꼭 한번 해보고 싶은 새로운 도전은 무엇인가요?,"번지점프, 창업, 혼자 여행하기 등",,
c9a52c12-5547-42e1-8666-ae9033f62dc4,T25-00192,T25-00192,마음에 드는 사람에게 끌리는 결정적인 한 가지는 무엇인가요?,"유머, 외모, 배려심, 편안함 등등",,
ba8c9dab-d5f2-43da-9cc9-bbff829a392f,T25-00193,T25-00193,요즘 나를 위해 몰입하는 활동은 무엇인가요?,"운동, 독서, 게임, 그림 그리기 등등",,
94abad61-58a9-4b65-88c9-011555282444,T25-00194,T25-00194,사람들과 관계 맺을 때 가장 중요하게 생각하는 것은 무엇인가요?,"신뢰, 존중, 솔직함, 배려 등등",,
c53351f3-704f-421f-a799-029b843d1882,T25-00195,T25-00195,일상 탈출을 위한 나만의 '비밀 아지트'는?,"괜찮아, 힘내, 잘했어 등등 A: 설렘, 긴장, 행복 등등 A: 카페, 공원, 내 방 등등",,
59f1c2e7-4726-4e60-ba19-1cdf56cc9a70,T25-00196,T25-00196,상대에게 호감이 생길 때 가장 먼저 하는 행동은 무엇인가요?,"말 걸기, 웃어주기, 연락처 묻기 등",,
3b785a07-ef0b-4bbc-9956-0a4226e6e74e,T25-00197,T25-00197,스스로를 돌아볼 때 가장 큰 영향을 주는 활동은 무엇인가요?,"일기, 산책, 독서 등",,
f6bea4b0-8443-4713-8de8-75e401f95adc,T25-00199,T25-00199,당신의 MBTI 마지막 글자는 무엇인가요?,"신뢰, 소통, 배려, 사랑 등등 A: 휴식, 잠, 맛있는 음식, 친구 등등 A: P, J, T, F 등등",,
34dc51e4-54f9-4ad6-af27-a704b73a2820,T25-00200,T25-00200,연애 관계에서 가장 중요하다고 생각하는 한 가지는 무엇인가요?,"솔직함, 배려, 대화 등등",,
eeb2b416-7448-4e5b-9585-92a57b1c4a1f,T25-00201,T25-00201,자신을 위해 가장 투자하고 싶은 것은 무엇인가요?,"시간, 경험, 자기계발 등등",,
a0c13c9e-d1f8-40e8-8ecc-10fd09629fbb,T25-00202,T25-00202,지치거나 힘들 때 당신만의 작은 위로거리는 무엇인가요?,"음악, 산책, 달콤한 것 등등",,
9b1c2dce-d27b-4262-afc1-a069abba3df8,T25-00203,T25-00203,당신의 '사랑 고백' 방식은 어떤 편에 가깝나요?,"직진, 간접, 조심스러운, 돌려말하기 등등",,
9578af06-b76b-4437-86a9-5558ab982a57,T25-00204,T25-00204,새로운 도전'을 망설이게 만드는 가장 큰 이유는 무엇인가요?,"두려움, 시간, 돈, 게으름 등등",,
23fa66f0-a97c-41b2-9869-32fcc03bc35a,T25-00205,T25-00205,누군가에게 호감을 느낄 때 가장 먼저 하는 행동은 무엇인가요?,"관찰하기, 말 걸기, 티 내기, 아무것도 안 하기 등등",,
10ea7e9b-c0c3-412e-aca9-1290b89032c6,T25-00206,T25-00206,"만약 지금 당장 부자가 된다면, 가장 먼저 하고 싶은 일은 무엇인가요?","여행, 은퇴, 집 사기 등",,
bfdaae33-4f33-46da-a387-ae3d2828fe4b,T25-00207,T25-00207,연애 고민이 생기면 주로 누구에게 털어놓나요?,"친구, 가족, 혼자 등",,
600e1356-6411-4c21-9a37-fde420340a85,T25-00208,T25-00208,요즘 가장 새롭게 배우고 싶은 것은 무엇인가요?,"악기, 외국어, 코딩, 요리 등",,
c84af4b2-9512-4966-8802-3d1819b08d63,T25-00210,T25-00210,스트레스를 받을 때 당신만의 해소법은 무엇인가요?,"소통, 배려, 신뢰 등등 A: 후회, 뿌듯함, 아쉬움 등등 A: 잠자기, 운동하기, 맛있는 음식 등등",,
4c00cbca-ec60-42e5-9f83-fa8ed3217a4a,T25-00211,T25-00211,연애에서 가장 중요하다고 생각하는 한 가지는 무엇인가요?,"신뢰, 유머, 대화 등등",,
a19135b7-954f-4c96-9ffd-79a22d222d1a,T25-00214,T25-00214,"연인과 갈등이 생겼을 때, 가장 먼저 하는 행동은 무엇인가요?","대화, 침묵, 회피, 사과 등",,
93f9c65a-7398-4d9e-9feb-a3c745d68f0f,T25-00215,T25-00215,요즘 스스로에게 가장 자주 묻는 질문은 무엇인가요?,"행복한가?, 잘하고 있는가?, 무엇을 원하는가? 등",,
b61847d8-1da7-4d6a-8bc2-6cf6a2fdd3f7,T25-00216,T25-00216,상대방에게 호감이 생기는 결정적인 순간은 언제인가요?,"눈 마주칠 때, 배려해 줄 때, 웃는 모습, 대화가 잘 통할 때 등",,
bbf44f20-736d-4839-adfa-5abacfd155c1,T25-00217,T25-00217,연애할 때 가장 중요하게 생각하는 가치는 무엇인가요?,"신뢰, 대화, 존중 등등",,
011e50ba-f5f4-4ae1-9441-4d0d1a174bd9,T25-00218,T25-00218,스트레스 해소를 위해 즐겨 하는 활동은 무엇인가요?,"산책, 음악 감상, 게임 등등",,
a7e5f4f5-0e6f-445e-ad08-875d830cd378,T25-00219,T25-00219,요즘 새롭게 도전해보고 싶은 것은 무엇인가요?,"외국어 공부, 악기 배우기, 요리 등등",,
29e07810-e358-45f1-8347-f0a4d783bc92,T25-00220,T25-00220,사랑을 고백할 때 어떤 방식을 선호하나요?,"직접 말하기, 문자, 편지 등등",,
8c3ecb71-b209-4e8d-8584-7eef4fd7022b,T25-00221,T25-00221,요즘 가장 새롭게 시도해보고 싶은 것은 무엇인가요?,"운동, 새로운 취미, 여행 등등",,
97e95269-c9bc-476d-82b3-4d76fa0d3659,T25-00222,T25-00222,친구와 가장 크게 다른 취향은 무엇인가요?,"음식, 음악, 영화 등등",,
885d4d4e-d964-43e8-8f89-72179282a171,T25-00223,T25-00223,지금 가장 하고 싶은 연애는 어떤 연애인가요?,"솔직한 연애, 편안한 연애 등등",,
c79fca9b-d0f2-41f7-94b6-f3e6ada29d96,T25-00224,T25-00224,스스로를 가장 잘 표현하는 한 단어는 무엇인가요?,"열정, 섬세함, 자유로움 등등",,
d3f17e9c-7612-4df7-be3f-4162385e8f20,T25-00225,T25-00225,올해 꼭 도전해보고 싶은 새로운 것은 무엇인가요?,"여행, 공부, 취미, 이직 등등",,
4be8b3d7-ca18-43f6-903a-2db6e3864513,T25-00226,T25-00226,"새로운 도전을 할 때, 가장 중요하게 생각하는 것은 무엇인가요?","말 건다, 지켜본다, 연락한다 등등 A: 성장, 행복, 휴식, 변화 등등 A: 용기, 준비, 열정, 끈기 등등",,
20ce1de7-b525-4ccc-ad78-85cd57c5e9d2,T25-00227,T25-00227,연애할 때 가장 중요하게 생각하는 것은 무엇인가요?,"성격, 대화, 유머, 외모, 공감 능력 등",,
f196730c-f17b-4b3e-8bda-504cbb5eef4b,T25-00228,T25-00228,요즘 나 자신에게 해주고 싶은 한마디는 무엇인가요?,"괜찮아, 힘내, 수고했어, 쉬어, 사랑해 등",,
e2fd8c08-0879-4a81-8012-ee5968472d8c,T25-00229,T25-00229,스트레스를 해소하는 나만의 방법은 무엇인가요?,"잠자기, 맛있는 음식, 운동, 게임, 혼술 등",,
31a570e2-e03d-41dd-ac19-88526966c7cc,T25-00231,T25-00231,스트레스 해소를 위해 가장 효과적이라고 느끼는 방법은 무엇인가요?,"맛있는 음식, 운동, 잠자기, 음악 감상 등",,
9c078c8b-8fdc-48d2-ae41-9e306f340be4,T25-00232,T25-00232,스스로를 가장 잘 나타낸다고 생각하는 성격 키워드는 무엇인가요?,"낙천적, 계획적, 감성적, 현실적 등",,
ea4b896e-5f48-4e57-9c75-9586fbd100c2,T25-00233,T25-00233,오늘 하루 나를 가장 행복하게 만든 것은 무엇인가요?,"솔직함, 배려, 신뢰 등등 A: 코딩, 외국어, 그림 등등 A: 맛있는 음식, 좋은 음악, 칭찬 등등",,
a9ea412c-8384-434d-b0e2-2f1dd0e9c790,T25-00234,T25-00234,마음이 힘들 때 가장 먼저 찾는 사람은 누구인가요?,"신뢰, 소통, 존중 등등 A: 용기, 타이밍, 인연 등등 A: 친구, 가족, 전문가 등등",,
88712583-5068-4390-80a1-9e4ac178c922,T25-00235,T25-00235,"누군가와 의견 차이가 있을 때, 가장 먼저 시도하는 방법은 무엇인가요?","솔직함, 배려, 신뢰, 유머 등등 A: 일기 쓰기, 산책하기, 생각하기, 음악 듣기 등등 A: 대화, 양보, 침묵, 회피, 설득 등등",,
3dc4476f-1035-4a06-8094-6cb5adb760b7,T25-00237,T25-00237,요즘 가장 새롭게 도전하고 싶은 것은 무엇인가요?,"연애, 여행, 외국어 공부 등등",,
6845cdaa-f8ac-437b-9d51-d3128c777e5e,T25-00238,T25-00238,자신을 가장 잘 표현하는 단어는 무엇인가요?,"열정, 신중함, 솔직함 등등",,
be4f1f4e-4e08-4107-baa8-5d2753ab3e67,T25-00244,T25-00244,스트레스를 해소하는 나만의 방법은 무엇인가요?,"운동, 음악, 잠, 수다 등",,
ead74545-9b79-4c8d-9d29-1533c6bfd234,T25-00249,T25-00249,연애 시작을 위해 가장 먼저 해보고 싶은 것은 무엇인가요?,"고백, 소개팅, 여행 등등",,
6f80f0b9-3289-4228-893e-75941cede0b5,T25-00250,T25-00250,"연애 고민이 생겼을 때, 가장 먼저 찾는 사람은 누구인가요?","친구, 가족, 전문가 등등",,
466d25e8-6a78-492f-a505-c1c05d7a8869,T25-00251,T25-00251,미래의 연애에서 가장 기대하는 한 가지는 무엇인가요?,"안정, 설렘, 성장 등등",,
164d62e6-7e2c-4ec1-80b4-179ccd915b08,T25-00252,T25-00252,연애 고민이 생길 때 가장 먼저 찾는 것은 무엇인가요?,"친구, 상담, 술 등",,
1489e043-9976-492c-a047-26c9b570d6a9,T25-00253,T25-00253,요즘 당신을 가장 힘들게 하는 감정은 무엇인가요?,"불안함, 무기력, 외로움 등",,
6b516072-0f4c-4fc2-8398-1161b3bd1886,T25-00255,T25-00255,고민이 있을 때 가장 먼저 떠오르는 사람은 누구인가요?,"낮잠, 영화, 산책, 음악 듣기 등등 A: 책, 옷, 손편지, 경험 등등 A: 친구, 가족, 연인, 나 자신 등등",,
69c91e7f-9770-4369-82f4-a93d7b0dba0f,T25-00256,T25-00256,요즘 당신의 이상적인 관계는 어떤 모습인가요?,"안정적인, 자유로운, 깊은 등등",,
155d8add-1bf8-44bf-ae3b-eb0b135e9f73,T25-00257,T25-00257,요즘 당신의 심리 상태를 한 단어로 표현한다면?,"피곤함, 설렘, 평온함, 불안함 등등",,
7f883150-87b8-4e69-bc2a-1b1aea9fe35f,T25-00258,T25-00258,"만약 상담을 받는다면, 어떤 주제로 이야기하고 싶으신가요?","연애, 진로, 심리, 가족 등등",,
c494383f-2488-4151-8560-fa8bcdba9de1,T25-00259,T25-00259,최근 나를 위한 선물로 무엇을 샀나요?,"편지, 노래, 깜짝 이벤트, 직진 등등 A: 강아지 재롱, 친구와의 수다, 맛있는 음식, 여행, 좋은 소식 등등 A: 책, 옷, 커피, 게임, 음식 등등",,
de76dfe5-93fc-42ce-9534-905ae71baa31,T25-00260,T25-00260,인생에서 가장 큰 영향을 받은 조언은 무엇인가요?,"불안, 설렘, 평온 등등 A: 신뢰, 솔직함, 편안함 등등 A: 부모님의 말씀, 책 구절, 친구의 한마디 등등",,
53aa6dd2-00bd-4de1-914f-fe619a139014,T25-00261,T25-00261,지금 당장 새롭게 도전해보고 싶은 분야는 무엇인가요?,"진심, 용기, 타이밍 등등 A: E, I, T, F 등등 A: 운동, 어학, 악기 등등",,
58b2b784-a6c2-4c52-a603-c50c6d1b6836,T25-00262,T25-00262,옷차림에서 가장 중요하게 생각하는 한 가지는 무엇인가요?,"유머감각, 눈빛, 옷차림 등등 A: 복잡함, 평온함, 지침 등등 A: 신뢰, 솔직함, 배려 등등",,
bc2ec163-adf1-4515-842b-f748c1e6f895,T25-00263,T25-00263,만약 직업을 바꿀 수 있다면 어떤 직업에 도전하고 싶나요?,"눈빛, 미소, 목소리, 분위기 등등 A: 설렘, 불안, 편안함, 지침, 행복 등등 A: 요리사, 여행가, 예술가, 과학자 등등",,
07d02fe1-1559-4943-9df4-e322c5687d27,T25-00264,T25-00264,누군가에게 호감이 생기면 바뀌는 내 행동은?,"설렘, 망설임 등",,
1eb830f9-324e-4c12-befe-c65d68f066f3,T25-00265,T25-00265,MBTI 궁합을 중요하게 생각하는 편인가요?,"네, 아니요 등",,
ca7d7555-207d-4827-83a0-0277d233c129,T25-00266,T25-00266,사랑을 고백할 때 가장 중요하다고 생각하는 것은 무엇인가요?,"진심, 타이밍 등",,
15355045-e4bd-4220-92d3-0cf3575f68d5,T25-00267,T25-00267,요즘 가장 설레는 일은 무엇인가요?,"짝사랑, 새 취미, 기대되는 약속 등등",,
ad0bec3c-2387-4b69-9c57-d9095230b320,T25-00268,T25-00268,현재 가장 몰두하고 있는 것은 무엇인가요?,"공부, 운동, 연애, 취미 등등",,
ce2bf99a-e245-4804-91b5-83ccfdca12d6,T25-00269,T25-00269,결혼 생활에서 '이것만은 절대 포기할 수 없다'고 생각하는 한 가지는 무엇인가요?,"미소, 목소리, 유머, 자신감 등등 A: 유머, 친화력, 성실함, 배려심 등등 A: 신뢰, 대화, 유머, 자유, 공감 등등",,
c70585ba-3cdc-4074-b64c-808975038a6f,T25-00270,T25-00270,좋아하는 사람의 기념일에 해주고 싶은 것은?,"직접 말하기, 문자, 편지, 선물 등",,
b9f567dd-6114-41f8-919c-43bc1256be78,T25-00198,T25-00198,세대 차이를 가장 실감하는 순간은 언제인가요?,"신조어, 유머, 기술 등",,
7721e1ae-a936-45a3-8a05-0ef59d48d775,T25-00271,T25-00271,"연인과의 갈등이 생겼을 때, 가장 먼저 하는 행동은 무엇인가요?","대화, 잠시 생각하기, 친구에게 상담 등",,
eb4eaa77-ab37-443e-8c99-c7de0a78bee3,T25-00272,T25-00272,가장 기대되는 당신의 미래 모습은 어떤가요?,"외모, 성격, 목소리 등등 A: 부모님, 다른 친구, 전문가 등등 A: 자유로운, 행복한, 성공한 등등",,
c5d55b4b-cf9e-444f-8a93-d338eb476350,T25-00273,T25-00273,연애에서 가장 중요하게 생각하는 가치는 무엇인가요?,"신뢰, 재미, 편안함 등",,
8e739579-08ef-4546-b2cd-c638df3b4df4,T25-00274,T25-00274,요즘 당신을 가장 힘들게 하는 감정은 무엇인가요?,"불안함, 무기력, 스트레스 등",,
46b2b1f7-fab9-4409-b768-139c95507c38,T25-00275,T25-00275,다음 휴가 때 가장 가고 싶은 여행지는 어디인가요?,"바다, 산, 해외, 집 등",,
3e2719f1-6455-4b77-bac6-81117f7eb94a,T25-00276,T25-00276,연애에서 가장 중요하다고 생각하는 감정은 무엇인가요?,"안정감, 설렘, 편안함 등등",,
87cf8929-b415-41b5-a7b5-3590fa0109f2,T25-00277,T25-00277,현재 가장 큰 고민거리는 무엇인가요?,"취업, 돈, 연애 등등",,
30b104ba-b515-4e94-98ad-eb722036ce6d,T25-00279,T25-00279,나의 에너지를 가장 잘 발산할 수 있는 '활동'은 무엇인가요?,"편안함, 설렘, 안정감 등등 A: 음악 듣기, 산책, 수다 떨기 등등 A: 운동, 대화, 창작 등등",,
2bb25f8d-a111-411c-8ee7-dcc852f70f77,T25-00280,T25-00280,요즘 가장 새롭게 배우고 싶은 것은 무엇인가요?,"신뢰, 유머, 배려 등등 A: 일, 관계, 미래 등등 A: 외국어, 악기, 코딩 등등",,
62e56d8c-a6c7-4c6c-980a-2a38066c652e,T25-00281,T25-00281,연애 중 가장 참기 힘든 상대방 행동은 무엇인가요?,"거짓말, 무시, 의심 등",,
6c24f484-7abe-40f7-8804-77aff6f2f7bc,T25-00282,T25-00282,요즘 당신을 가장 힘들게 하는 심리적 문제는 무엇인가요?,"불안감, 무기력, 스트레스 등",,
a036c223-3b6a-46c3-9124-ed2783cf44f0,T25-00283,T25-00283,부자가 되기 위해 가장 먼저 바꾸고 싶은 습관은 무엇인가요?,"과소비, 미루기, 게으름 등",,
0bc5b4bf-3c43-47d1-bd71-1ce1e088fd2a,T25-00284,T25-00284,연인에게서 가장 중요하다고 생각하는 한 가지는 무엇인가요?,"신뢰, 유머, 소통 등등",,
125ddf3f-8001-4ac0-b527-444574a9da46,T25-00285,T25-00285,요즘 당신의 심리 상태를 한 단어로 표현한다면?,"평온함, 혼란, 기대 등등",,
b45b1e20-8658-44d3-9087-210338239c0a,T25-00286,T25-00286,당신이 가장 즐겨 하는 운동은 무엇인가요?,"헬스, 산책, 요가 등등",,
1fb04f95-afc1-4af6-b10c-d218fe6fe077,T25-00287,T25-00287,친구관계에서 가장 중요하게 생각하는 가치는 무엇인가요?,"솔직함, 연락, 표현, 배려 등등 A: 평온, 복잡, 기대, 불안 등등 A: 신뢰, 소통, 존중, 유머 등등",,
0cb3823e-aad3-43ff-a5f2-cd07130ecaf2,T25-00289,T25-00289,당신에게 설렘을 주는 것은 무엇인가요?,"새로운 만남, 맛있는 음식, 여행 등등",,
e52d1132-939d-4f1a-b9f7-1144c16f8389,T25-00290,T25-00290,가장 선호하는 운동 스타일은 무엇인가요?,"유산소, 근력운동, 요가, 산책 등등",,
ec6ec61b-827c-4dbb-8427-52b139548250,T25-00291,T25-00291,하루 중 가장 행복한 시간은 언제인가요?,"퇴근 후, 아침 커피, 밤 등등",,
87be6cd0-6ab1-451d-b745-9849b1f79f13,T25-00292,T25-00292,"연애 고민이 생겼을 때, 주로 누구에게 도움을 청하나요?","친구, 가족, 전문가, 혼자 등등",,
212632da-0f35-49f8-a00c-b376480e57c5,T25-00293,T25-00293,"새로운 인연을 만났을 때, 첫 시도로 어떤 방법을 선호하시나요?","먼저 연락, 대화 시도, 자연스러운 만남 등등",,
3c7c6af0-3530-4d21-9c33-57f29a796547,T25-00294,T25-00294,상대방에게 지금 해주고 싶은 한 가지 칭찬이 있다면?,"신뢰, 소통, 존중, 배려 등등",,
9fce939a-764a-4827-8886-92ab7ef881e4,T25-00288,T25-00288,결혼 후 바뀐 내 모습을 한가지 꼽자면?,"신뢰, 소통, 존중, 돈 등등 A: 혼자 시간, 친구와 대화, 운동, 음악 등등 A: 행복, 안정, 가족, 신뢰 등등",,
8a5dbb4a-d7f6-46da-b838-7669b05fef5b,T25-00076,T25-00076,"갑자기 외계인이 나타나 당신에게 질문한다면, 그 질문은?","왜 그렇게 멋있나요?, 식사하셨어요?",,
ad5bcaa6-8032-4304-b857-009371b71271,T25-00295,T25-00295,마음에 드는 사람에게 먼저 하는 행동은 무엇인가요?,"연락하기, 말 걸기, 미소 짓기 등등",,
45937490-c37c-4327-8648-1b655ca322c7,T25-00296,T25-00296,고민이 있을 때 가장 먼저 찾는 사람은 누구인가요?,"친구, 가족, 연인, 나 자신 등등",,
6331c861-683e-440e-8bab-17ece3525ca3,T25-00297,T25-00297,연예에서 가장 중요하다고 생각하는 가치는 무엇인가요?,"신뢰, 대화, 사랑, 존중 등등",,
a74fc686-1ab6-4985-83e7-b3ca64c7a3dc,T25-00298,T25-00298,연애 상대를 볼 때 가장 중요하게 생각하는 것은 무엇인가요?,"설렘, 복잡, 평온 등등 A: 운동, 취미, 공부 등등 A: 성격, 유머, 배려 등등",,
d600a602-4737-4f4b-99a1-11bad9c4ab79,T25-00299,T25-00299,연애 고민이 생길 때 가장 먼저 하는 일은 무엇인가요?,"친구에게 말하기, 상담받기, 혼자 생각하기 등",,
997c6b89-aa54-420e-aa18-243c1450ae0c,T25-00300,T25-00300,만약 부자가 된다면 가장 먼저 무엇을 하고 싶나요?,"세계여행, 건물주 되기, 은퇴 등",,
8c213181-a61b-46bf-8f77-5e2dad9e3810,T25-00301,T25-00301,요즘 당신의 심리 상태를 한 단어로 표현한다면?,"평온, 복잡, 설렘, 지침 등",,
d72c8cab-2afb-4f5a-ae3a-4f001be5bba5,T25-00302,T25-00302,결혼에서 가장 중요하다고 생각하는 가치는 무엇인가요?,"신뢰, 소통, 사랑 등등",,
f67511dc-ed1e-4069-bc33-cfef8f7dcfcd,T25-00303,T25-00303,요즘 당신의 생각을 가장 많이 차지하는 단어는 무엇인가요?,"관계, 미래, 돈 등등",,
67a8f561-33a4-499d-8317-8fb50bd3edf2,T25-00304,T25-00304,새로운 사람을 만날 때 가장 먼저 보게 되는 점은 무엇인가요?,"눈빛, 말투, 미소 등등",,
ac167b32-6a88-4ce0-beca-6f091d89e0b3,T25-00305,T25-00305,당신의 MBTI는 무엇인가요?,"INFP, ESTJ 등",,
297f73ef-4626-429a-9459-bc6bf8ef993d,T25-00309,T25-00309,신체적으로 지칠 때 주로 찾는 나만의 방법은 무엇인가요?,"휴식, 음악 감상, 산책 등",,
3eb4423b-2e26-4d8e-9857-855336dea5b9,T25-00310,T25-00310,요즘 새롭게 시도해 보고 싶은 대화법이 있나요?,"솔직한 표현, 경청, 질문하기 등",,
eb338a11-3b65-48a9-9427-0f0326abd7c8,T25-00311,T25-00311,좋은 관계를 만들기 위해 가장 중요하게 생각하는 행동이 있다면?,"음악, 산책, 친구, 잠 등등 A: 여행 작가, 카페 사장, 상담사 등등 A: 대화, 솔직함, 배려, 유머 등등",,
fa98533f-e44b-4e8f-bc35-4218fff01796,T25-00312,T25-00312,미래에 도전해보고 싶은 직업 분야는 무엇인가요?,"대화, 솔직함, 공감, 타이밍 등 A: 산책, 음악, 잠, 대화, 운동 등 A: IT, 의료, 예술, 교육, 환경 등",,
b6a86641-1c99-4e8c-bf30-28669644287e,T25-00313,T25-00313,연인과 가장 중요하게 생각하는 것은 무엇인가요?,"신뢰, 소통, 존중, 유머 등등",,
2fcbc05d-5f20-4c1a-b9b4-d37a01493620,T25-00314,T25-00314,마음이 복잡할 때 가장 먼저 하는 일은 무엇인가요?,"산책, 음악 듣기, 잠자기, 친구와 통화 등등",,
be3557b3-2e4b-4145-ad5c-e8820f1c40da,T25-00315,T25-00315,가장 보람을 느끼는 활동은 무엇인가요?,"봉사, 창작, 운동, 배우기 등등",,
bc70cab1-aade-4105-927a-82c2a2b69bb2,T25-00316,T25-00316,최근 일상중에 가장 설레었던 순간은 무엇인가요?,"첫 만남, 합격 소식, 칭찬 들었을 때 등",,
21e26b18-5961-493f-bc6d-2d5765cd1fa9,T25-00317,T25-00317,기분이 업될 때 가장 먼저 하는 일은 무엇인가요?,"음악 듣기, 맛있는 거 먹기, 산책하기 등",,
1e1a80cc-ebf6-49a3-b3ce-002b3d03f156,T25-00318,T25-00318,앞으로 꼭 이루고 싶은 한 가지 목표는 무엇인가요?,"내 집 마련, 세계 여행, 승진 등",,
359fb060-e1f7-4f09-b570-c8a3d6d91d78,T25-00319,T25-00319,요즘 새롭게 배우고 싶거나 도전해보고 싶은 것은 무엇인가요?,"처음 손잡을 때, 고백할 때, 연락 올 때 등 A: 친구, 가족, 나 자신, 전문가 등 A: 외국어, 악기, 요리, 코딩 등",,
3ecc300b-9886-4adc-aa64-f9ce47afd634,T25-00320,T25-00320,가장 최근에 당신을 설레게 했던 작은 일은 무엇인가요?,"칭찬, 예쁜 꽃 발견, 좋아하는 노래 등",,
5c9deb2e-1520-469e-abc4-563fd0bc87a8,T25-00321,T25-00321,어린 시절 가장 강렬했던 추억은 무엇인가요?,"첫 소풍, 친구들과의 모험, 할머니 댁 등",,
e3e0f4a2-2342-4b31-a37b-505a79211c95,T25-00322,T25-00322,최근에 시도해 본 '나를 위한' 새로운 도전은 무엇인가요?,"새로운 운동, 요리 배우기, 독서 모임 등",,
cf922690-c1cc-4dd2-9879-a829f7c0a1d4,T25-00323,T25-00323,관계에서 연락의 중요성은 어느 정도라고 생각하나요?,"매우 중요, 보통, 상황에 따라 등",,
aefc020b-bc94-4c0d-a20b-81354ec2f64f,T25-00324,T25-00324,고민이 생겼을 때 조언을 구하는 가장 편한 대상은 누구인가요?,"친구, 가족, 전문가, 혼자 해결 등",,
1d77c06a-f2cf-4bbf-adbe-68f55e24c43f,T25-00325,T25-00325,여행에서 당신을 설레게 하는 일은 무엇인가요?,"여행, 새로운 만남, 취미활동, 미래 계획 등",,
d11fba65-678a-457e-bdbd-e6cfd70ca4c9,T25-00326,T25-00326,사랑에 빠졌을 때 가장 먼저 떠오르는 감정은 무엇인가요?,"설렘, 행복, 불안 등",,
565a86c9-e0fb-4dbe-8baa-d00567bfcfe1,T25-00327,T25-00327,요즘 당신의 성장을 위해 가장 중요하게 생각하는 것은 무엇인가요?,"꾸준함, 경험, 지식 등",,
0419877d-2532-42cb-b521-976529d2bbe7,T25-00328,T25-00328,"만약 초능력을 하나 가질 수 있다면, 어떤 능력을 갖고 싶나요?","시간 조작, 순간이동, 염력 등",,
708d0eba-4f4b-4593-85ac-e57432134d75,T25-00329,T25-00329,일상에서 당신을 가장 설레게 하는 순간은 언제인가요?,"여행 계획, 월급날, 칭찬 들을 때, 첫 만남 등",,
19675031-1521-4fb8-ada7-028bc8eb5ec9,T25-00330,T25-00330,가장 도전해보고 싶은 미래 계획은 무엇인가요?,"진심, 소통, 존중 등등 A: 운동, 독서, 공부 등등 A: 여행, 창업, 이직 등등",,
a85c7572-c6a6-4667-af41-8137fc48a876,T25-00104,T25-00104,"오늘 당신에게 가장 소소한 행복을 준 것은, 아니면 당신이 발견한 긍정적 에너지는 무엇인가요?","맛있는 커피, 맑은 날씨",,
056b7f90-79e2-4e0d-b9c7-b0e58be4c9f6,T25-00105,T25-00105,당신이 일상에서 단 하나의 습관을 바꿀 수 있다면?,"일찍 일어나기, 퇴근 후 운동",,
06f80424-b9e8-4abb-8714-0f878728c6ba,T25-00181,T25-00181,마음이 힘들 때 가장 먼저 찾는 것은 무엇인가요?,"친구, 잠, 취미, 상담 등",,
afd373c0-86ca-4a09-ae8e-b4b0afc9984b,T25-00209,T25-00209,당신의 삶에서 가장 중요하다고 생각하는 가치는 무엇인가요?,"떨려요, 성공할까?, 뭘해야 할까? 등등 A: 솔직함, 열정, 차분함, 현실적 등등 A: 행복, 자유, 안정, 성장 등등",,
7e02f351-5fbf-41fa-a2cd-2f1e10d7163d,T25-00212,T25-00212,스트레스를 풀 때 주로 찾는 나만의 방법은 무엇인가요?,"잠, 운동, 음악 등등",,
01e4afc8-a259-4937-a00c-502f1dea69cc,T25-00213,T25-00213,타인과 소통할 때 가장 중요하다고 생각하는 것은 무엇인가요?,"경청, 솔직함, 공감 등등",,
2070af75-e740-45a8-bd85-ed5f16136769,T25-00236,T25-00236,연애 관계에서 가장 중요하다고 생각하는 한 가지는?,"소통, 배려, 신뢰 등등",,
a46e71f2-eeda-4929-8adf-dc41ce919ae8,T25-00278,T25-00278,올해 가장 기대되는 변화는 무엇인가요?,"이직, 여행, 연애, 독립 등등",,
88ffbfeb-d385-4965-a9d3-38701d2c404e,T25-00239,T25-00239,호감이 생기면 가장 먼저 무엇을 하나요?,"다가가기, 칭찬하기, 바라보기 등등",,
d0cf9557-86e5-41ba-bbb5-645cbc5edf6d,T25-00240,T25-00240,연애 중 갈등이 생기면 어떻게 해결하나요?,"대화, 시간 갖기, 양보 등등",,
949de8d3-aa9c-46d7-acc9-366cb9edd6d2,T25-00241,T25-00241,타인과의 성격 차이를 느낄 때 당신의 반응은?,"이해, 인정, 고민 등등",,
77b6cd1f-cdea-4a5d-96a2-7656da495f13,T25-00242,T25-00242,연애에서 가장 중요하게 생각하는 한 가지는 무엇인가요?,"신뢰, 소통, 배려, 유머 등",,
0d112dfd-7d18-4528-8521-35e148f0b1d8,T25-00243,T25-00243,자신을 가장 잘 표현하는 한 단어는 무엇인가요?,"솔직함, 열정, 차분함, 긍정 등",,
7f60db92-a07f-4374-8387-7fce15e292fd,T25-00245,T25-00245,연애 고민이 생길 때 가장 먼저 찾는 사람은 누구인가요?,"친구, 가족, 전문가, 나 자신 등",,
92d70798-12ec-42da-bd47-31d4e733b301,T25-00246,T25-00246,"누군가에게 마음을 표현할 때, 가장 중요하게 생각하는 것은 무엇인가요?","진심, 용기, 타이밍, 솔직함 등",,
295e4481-41ce-4ffb-9a26-bcb76c2445cc,T25-00247,T25-00247,관계에서 생기는 오해를 어떻게 푸는 편인가요?,"대화, 시간, 사과, 솔직하게 등",,
1e37d463-549d-42e7-8089-7fc094cf4625,T25-00248,T25-00248,스트레스를 풀기 위해 가장 먼저 하는 행동은 무엇인가요?,"평온, 지침, 설렘 등 A: 유머, 배려심, 솔직함 등 A: 잠자기, 산책, 음악 듣기 등",,
33b73e56-2849-45b1-8031-45aed4622988,T25-00306,T25-00306,오래된 연애에서 가장 중요하다고 생각하는 가치는 무엇인가요?,"신뢰, 솔직함, 재미 등",,
a76ac6cc-f088-4fc2-bdf9-3372a19477cf,T25-00307,T25-00307,고민이 생길 때 가장 먼저 하는 행동은 무엇인가요?,"혼자 생각하기, 친구에게 말하기, 산책하기 등",,
93eb1717-02f3-4cbd-ac4d-0ba1e4da14d4,T25-00308,T25-00308,인간관계에서 가장 중요하다고 생각하는 것은 무엇인가요?,"신뢰, 소통, 솔직함 등",,