CodeName,Order,q_id,content,answers,content_en,answers_en
*-*-*-*-*,*-*-*-00001,T26-00001,하루 피로 싹 날리는 나만의 킥은?,"낮잠, 산책, 달리기, 영화",What's your go-to way to instantly kill fatigue?,"Nap, walk, run, movie"
*-*-*-*-*,*-*-*-00002,T26-00002,나만의 웃긴 춤사위나 개인기는?,"아이돌 춤, 막춤, 성대모사",Got any funny dances or hidden talents?,"Idol dance, freestyle dance, impressions"
*-*-*-*-*,*-*-*-00003,T26-00003,주말을 위한 단 하나의 소원은?,"늦잠, 맛집, 데이트, 여행","If you had one wish for the weekend, what would it be?","Sleep in, good food, date, travel"
*-*-*-*-*,*-*-*-00004,T26-00004,하루 중 가장 편안한 순간은?,"이불 속, 모닝커피, 새벽조깅, TV",What's the most relaxing moment of your day?,"In bed, morning coffee, early jog, TV"
*-*-*-*-*,*-*-*-00005,T26-00005,매일 기대하게 만드는 소소한 즐거움은?,"아침 커피, 점심시간, 취미, 수다",What small pleasure do you look forward to every day?,"Morning coffee, lunchtime, hobby, chatting"
*-*-*-*-*,*-*-*-00006,T26-00006,지금 당장 제일 하고 싶은 것은?,"낮잠, 여행, 쇼핑, 재테크",What do you wanna do RIGHT NOW?,"Nap, travel, shopping, investing"
*-*-*-*-*,*-*-*-00007,T26-00007,평생 걱정 없이 살 수 있는 동물은?,"나무늘보, 고양이, 댕댕이, 호랑이","If you could be an animal without any worries, which one?","Sloth, cat, dog, tiger"
*-*-*-*-*,*-*-*-00008,T26-00008,나를 행복하게 만드는 음식은?,"케이크, 치킨, 떡볶이, 한식",What's a food that just makes you happy?,"Cake, chicken, tteokbokki, Korean food"
*-*-*-*-*,*-*-*-00009,T26-00009,스트레스 받을 때 생각나는 위로 푸드는?,"케이크, 치킨, 떡볶이, 마라탕",What's your go-to comfort food when stressed?,"Cake, chicken, tteokbokki, mala"
*-*-*-*-*,*-*-*-00010,T26-00010,집에서 매일 입는 최애 편안 룩은?,"잠옷, 츄리닝, 수면바지, 원피스",What's your favorite comfy outfit to wear at home?,"Pajamas, sweats, fuzzy pants, dress"
*-*-*-*-*,*-*-*-00011,T26-00011,살 안 찐다면 지금 제일 먹고픈 것은?,"곱창, 치킨, 떡볶이, 튀김","If calories didn't exist, what would you eat right now?","Gopchang, chicken, tteokbokki, fried foods"
*-*-*-*-*,*-*-*-00012,T26-00012,학창 시절 나의 이불킥 흑역사는?,"짝사랑 고백, 장기자랑, 졸업사진",Got any embarrassing high school memories that make you cringe?,"Confessing a crush, talent show, graduation photo"
*-*-*-*-*,*-*-*-00013,T26-00013,만약 반려식물이 말을 건다면 첫마디는?,"물 줘, 햇빛 좀, 나 좀 봐","If your plant could talk, what's the first thing it would say?","Water me, sunshine please, look at me"
*-*-*-*-*,*-*-*-00014,T26-00014,오늘 하루 고생한 나에게 주는 보상은?,"현금, 칭찬, 여행권, 휴식",How would you reward yourself for getting through today?,"Cash, praise, vacation voucher, rest"
*-*-*-*-*,*-*-*-00015,T26-00015,꿀잠 보장하는 나만의 잠자리 루틴은?,"일찍 저녁, 폰 끄기, 물 마시기",What's your bedtime routine for amazing sleep?,"Early dinner, turn off phone, drink water"
*-*-*-*-*,*-*-*-00016,T26-00016,새벽에 나를 깨우는 범인은?,"화장실, 배달주문, 층간소음, 악몽",What's the culprit that wakes me up in the middle of the night?,"Bathroom, delivery order, noise from upstairs, nightmare"
*-*-*-*-*,*-*-*-00017,T26-00017,복잡한 머릿속을 평화롭게 만드는 치트키는?,"따뜻한 차, 명상, 멍때리기",What's your go-to for instant peace of mind?,"Warm tea, meditation, spacing out"
*-*-*-*-*,*-*-*-00018,T26-00018,가장 좋아하는 여행 스타일은?,"모험, 휴양, 드라이브, 맛집탐방",What's your favorite travel style?,"Adventure, relaxation, road trip, food tour"
*-*-*-*-*,*-*-*-00019,T26-00019,나에게 요정 친구가 있다면 어떤 이름일까?,"반짝이, 지니, 냥냥이, 똘똘이","If I had a fairy friend, what would their name be?","Sparkles, Genie, MeowMeow, Smarty"
*-*-*-*-*,*-*-*-00020,T26-00020,오늘 밤의 감성을 한 단어로 표현한다면?,"노을, 별밤, 적막, 화려함",Describe tonight's view in one word.,"Sunset, starlit night, silence, dazzling"
*-*-*-*-*,*-*-*-00021,T26-00021,하루 끝 소소하지만 확실한 행복 루틴은?,"일기쓰기, 통화하기, 반신욕",What's your small but certain happiness routine at the end of the day?,"Journaling, calling someone, a hot bath"
*-*-*-*-*,*-*-*-00022,T26-00022,공돈 백만 원 생기면 제일 먼저 뭐 할 거는?,"맛집투어, 비행기표, 주식, 쇼핑","If you suddenly got a million won, what's the first thing you'd do?","Foodie tour, plane ticket, stocks, shopping"
*-*-*-*-*,*-*-*-00023,T26-00023,어린 시절 추억의 장소는?,"놀이동산, 동네공원, 놀이터, 떡집",What's a childhood place you remember fondly?,"Amusement park, neighborhood park, playground, rice cake shop"
*-*-*-*-*,*-*-*-00024,T26-00024,최근에 배꼽 잡고 웃었던 일은?,"친구 실수, 예능 명장면, 내 실수",What made you laugh 'til you cried recently?,"Friend's blunder, funny TV moment, my own mistake"
*-*-*-*-*,*-*-*-00025,T26-00025,웃다가 진짜 배꼽 빠지면 어떡하나는?,"웃으며 응급실, 정색하고 응급실",What if you laugh so hard your belly button *actually* falls off?,"ER laughing, ER straight-faced"
*-*-*-*-*,*-*-*-00026,T26-00026,오랜 친구와 추억을 남기는 방법은?,"이미지사진, 인생4컷, 여행, 요리",What's your favorite way to make memories with old friends?,"Professional photos, photo booth pics, travel, cooking"
*-*-*-*-*,*-*-*-00027,T26-00027,오늘 아침에 제일 기분 좋았던 순간은?,"모닝커피, 쨍한 햇살, 늦잠",What was the best part of your morning today?,"Morning coffee, bright sunshine, sleeping in"
*-*-*-*-*,*-*-*-00028,T26-00028,만족스러운 하루를 위해 꼭 필요한 루틴은?,"아침 운동, 독서, 맛있는 아침",What's a must-do routine for a satisfying day?,"Morning workout, reading, delicious breakfast"
*-*-*-*-*,*-*-*-00029,T26-00029,길 가다가 넘어졌을 때 제일 먼저 드는 생각은?,"기절한 척?, 벌떡!, 빛의 속도로","If you tripped while walking, what's the first thought that pops into your head?","Fake faint?, get up quick!, speed of light"
*-*-*-*-*,*-*-*-00030,T26-00030,나의 취미를 딱 한마디로 정의한다면?,"단순 재미, 창작 활동, 땀 흘리기","If you could define my hobby in just one phrase, what would it be?","Pure fun, creative activity, breaking a sweat"
*-*-*-*-*,*-*-*-00031,T26-00031,새로운 취미를 고를 때 가장 중요하게 생각하는 것은?,"재미, 간지, 가성비, 함께하기",What's the most important thing to consider when picking up a new hobby?,"Fun, coolness, cost-effectiveness, doing it together"
*-*-*-*-*,*-*-*-00032,T26-00032,집에 어떤 종류의 로봇을 제일 들여놓고 싶은?,"게임봇, 요리봇, 청소봇, 집사봇",What kind of robot would you most want to have at home?,"Gaming bot, cooking bot, cleaning bot, butler bot"
*-*-*-*-*,*-*-*-00033,T26-00033,"긴 하루 끝, 가장 큰 위로는?","차 한잔, 음악, 수다, 애교","After a long day, what's the best comfort?","Tea, music, chat, aegyo (acting cute)"
*-*-*-*-*,*-*-*-00034,T26-00034,나의 잠버릇 스타일은?,"대자로, 새우잠, 이불킥, 코골기",What's your sleeping style like?,"Starfish, fetal position, kicking the blanket, snoring"
*-*-*-*-*,*-*-*-00035,T26-00035,스트레스 받을 때 어디로 도망치는?,"내 침대, 카페, 노래방, 코인육수",Where's your go-to escape when you're stressed?,"My bed, cafe, karaoke, coin laundry"
*-*-*-*-*,*-*-*-00036,T26-00036,하루 중에서 가장 힐링이 되는 시간은?,"새벽 감성, 저녁 노을, 점심시간",What's the most healing time of day for you?,"Dawn vibes, evening sunset, lunchtime"
*-*-*-*-*,*-*-*-00037,T26-00037,기분을 확 좋아지게 만드는 마법의 아이템은?,"햇살, 음악, 초콜릿, 통장",What's your go-to magic item to instantly boost your mood?,"Sunshine, music, chocolate, bank account"
*-*-*-*-*,*-*-*-00038,T26-00038,양말 한 짝 잃어버리면 그냥 버리는?,"새로 산다, 끝까지 찾는다, 짝짝이","When you lose one sock, do you just throw it away?","Buy new ones, keep searching, mismatched socks"
*-*-*-*-*,*-*-*-00039,T26-00039,지칠 때 나만의 충전소는?,"꿀잠, 플레이리스트, 카페인",What's your personal recharge station when you're worn out?,"Good sleep, playlist, caffeine"
*-*-*-*-*,*-*-*-00040,T26-00040,'에라 모르겠다' 하고 저지른 건?,"폭식, 충동구매, 고백, 결근",What's something you've done with a 'whatever' attitude?,"Binge eating, impulse buy, confession, skipping work"
*-*-*-*-*,*-*-*-00041,T26-00041,기분을 리셋하는 나만의 버튼?,"예능 보기, 강아지, 산책, 낮잠",What's your personal 'reset' button?,"Watching comedy, puppy, walk, nap"
*-*-*-*-*,*-*-*-00042,T26-00042,너무 심심할 때 하는 행동?,"친구 전화, 영화 검색, 멍때리기",What do you do when you're super bored?,"Call a friend, browse movies, space out"
*-*-*-*-*,*-*-*-00043,T26-00043,기발하게 스트레스 푸는 법 있어?,"소리 지르기, 혼코노, 무반주 댄스",Got any unique ways to relieve stress?,"Screaming, singing karaoke alone, dancing with no music"
*-*-*-*-*,*-*-*-00044,T26-00044,딱 1시간 자유가 생긴다면?,"꿀잠, 넷플릭스, 게임, 멍때리기","If you had one hour of freedom, what would you do?","Sleep, Netflix, games, spacing out"
*-*-*-*-*,*-*-*-00045,T26-00045,주말 특식으로 먹고 싶은 건?,"갈비, 치킨, 마라탕, 집밥",What special weekend meal do you crave?,"Galbi (Korean BBQ ribs), chicken, mala tang, home-cooked meal"
*-*-*-*-*,*-*-*-00046,T26-00046,"일 년에 하루, 혼자 보낸다면?","하루 종일 잠, 쇼핑 플렉스","If you had a day to yourself once a year, what would you do?","Sleep all day, shopping spree"
*-*-*-*-*,*-*-*-00047,T26-00047,심장을 뛰게 하는 달콤한 유혹?,"디저트, 최애 사진, 여행 특가",What's a sweet temptation that makes your heart flutter?,"Dessert, fave photos, travel deals"
*-*-*-*-*,*-*-*-00048,T26-00048,확실한 행복 위해 오늘 한 일?,"디저트 먹기, 칼퇴, 택배 주문",What's one thing you did today for guaranteed happiness?,"Eating dessert, leaving work on time, ordering delivery"
*-*-*-*-*,*-*-*-00049,T26-00049,꿈에서 5만 원 주우면?,"주인 찾기, 로또 사기, 맛난 거 사먹기","If you found 50,000 won in a dream?","Find the owner, buy a lottery ticket, buy something yummy"
*-*-*-*-*,*-*-*-00050,T26-00050,행운이 오면 누구랑 나눌래?,"가족, 친구, 연인, 나 혼자","If you had good luck, who would you share it with?","Family, friends, partner, myself"
*-*-*-*-*,*-*-*-00051,T26-00051,퇴근 후 나를 웃게 하는 건?,"맥주, 반려동물, 가족, 택배",What makes you smile after work?,"Beer, pets, family, deliveries"
*-*-*-*-*,*-*-*-00052,T26-00052,고민 들어주는 요정에게 할 말?,"연애 상담, 진로, 돈, 인간관계",What would you say to a fairy who listens to your worries?,"Dating advice, career, money, relationships"
*-*-*-*-*,*-*-*-00053,T26-00053,슈퍼히어로 되면 애인에게 뭐 해줘?,"하늘 구경, 순간이동 데이트","If you were a superhero, what would you do for your partner?","Cloud gazing, teleportation date"
*-*-*-*-*,*-*-*-00054,T26-00054,슈퍼히어로 되면 가족에게 뭐 해줘?,"세계여행, 집 짓기, 건강 지키기","If you were a superhero, what would you do for your family?","World travel, build a house, protect their health"
*-*-*-*-*,*-*-*-00055,T26-00055,히어로가 된다면 친구에게 해주고 싶은 것은?,"맛집 배달, 대신 싸워주기","If you were a hero, what would you want to do for your friends?","Deliver good food, fight for them"
*-*-*-*-*,*-*-*-00056,T26-00056,오늘 발견한 소소한 행복은?,"날씨 좋음, 버스 자리, 커피 맛",What's one small happiness you found today?,"Good weather, seat on the bus, coffee flavor"
*-*-*-*-*,*-*-*-00057,T26-00057,성취감을 느낄 때 떠오르는 사람은?,"엄마, 아빠, 절친, 애인",Who do you think of when you feel a sense of accomplishment?,"Mom, Dad, bestie, partner"
*-*-*-*-*,*-*-*-00058,T26-00058,투명인간이 된다면 제일 먼저 가고 싶은 곳은?,"놀이공원, 비행기 일등석, 청와대","If you became invisible, where would you go first?","Amusement park, first-class airplane seat, The Blue House"
*-*-*-*-*,*-*-*-00059,T26-00059,혼밥 할 때 가장 중요한 것은?,"유튜브, 맛, 조용함, 스피드",What's the most important thing when eating alone?,"YouTube, taste, quiet, speed"
*-*-*-*-*,*-*-*-00060,T26-00060,혼밥 중에 있었으면 하는 초능력은?,"설거지 삭제, 무한 리필, 순삭",What superpower would you want while eating alone?,"Disappearing dishes, unlimited refills, instant eating"
*-*-*-*-*,*-*-*-00061,T26-00061,자신 있는 초간단 요리는?,"라면, 볶음밥, 김치찌개, 계란말이",Go-to super easy dish?,"Ramen, fried rice, kimchi stew, rolled omelet"
*-*-*-*-*,*-*-*-00062,T26-00062,나의 에너지 원천은?,"충분한 휴식, 신나는 활동",What fuels my energy?,"Enough rest, fun activities"
*-*-*-*-*,*-*-*-00063,T26-00063,"토요일 아침, 행복을 느끼게 하는 포인트는?","늦잠, 브런치, 고요함",Saturday morning bliss?,"Sleeping in, brunch, quiet time"
*-*-*-*-*,*-*-*-00064,T26-00064,"익숙한 취미 vs 새로운 탐험, 나의 선택은?","깊게 파기, 넓게 경험하기",Stick to familiar hobbies or explore new ones?,"Go deep, experience widely"
*-*-*-*-*,*-*-*-00065,T26-00065,"집밥 vs 배달, 선택 기준은?","귀찮음, 건강, 맛, 시간","Home-cooked meal vs. delivery, what's the deciding factor?","Laziness, health, taste, time"
*-*-*-*-*,*-*-*-00066,T26-00066,요리하다 재료가 왕창 남았을 때는?,"볶음밥, 나눔, 냉동실행",What if you have tons of ingredients left after cooking?,"Fried rice, share, into the freezer"
*-*-*-*-*,*-*-*-00067,T26-00067,장비 풀 장착하고 도전하고 싶은 요리는?,"스테이크, 파스타, 베이킹, 초밥",What dish are you tempted to conquer with fancy equipment?,"Steak, pasta, baking, sushi"
*-*-*-*-*,*-*-*-00068,T26-00068,업무 스트레스 해소하는 나만의 1순위는?,"격한 운동, 시체놀이, 음주가무",Top way to relieve work stress?,"Intense workout, playing dead, drinking and dancing"
*-*-*-*-*,*-*-*-00069,T26-00069,"머리 지끈거릴 때, 나만의 특별한 해결책은?","찬물 세수, 당 충전, 명상",Your go-to move when your head's pounding?,"Cold water splash, sugar rush, meditation"
*-*-*-*-*,*-*-*-00070,T26-00070,내게 가장 큰 위로가 되었던 말 한마디는?,"괜찮아, 수고했어, 밥 먹자",The most comforting thing someone's ever said to you?,"It's okay, you worked hard, let's eat"
*-*-*-*-*,*-*-*-00071,T26-00071,"힘든 하루 끝에, 나를 살리는 것은?","맛난 거, 따뜻한 물, 가족",What saves you after a tough day?,"Good food, warm water, family"
*-*-*-*-*,*-*-*-00072,T26-00072,오늘 하루 버텨낸 나를 위한 보상은?,"치맥, 쇼핑, 칼퇴, 칭찬",What's the treat for making it through today?,"Chicken & beer, shopping, leaving on time, praise"
*-*-*-*-*,*-*-*-00073,T26-00073,"심한 스트레스 받을 때, 나만의 기분 전환법은?","매운 음식, 드라이브, 수다","When super stressed, what's your way to boost your mood?","Spicy food, drive, chat"
*-*-*-*-*,*-*-*-00074,T26-00074,날씨 좋은 주말에 하고 싶은 것은?,"산책, 소풍, 데이트, 낮잠","Perfect sunny weekend, what do you want to do?","Walk, picnic, date, nap"
*-*-*-*-*,*-*-*-00075,T26-00075,낯선 사람에게 먼저 다가가는 편이야?,"먼저 말 걺, 기다림, 도망감",Do you tend to approach strangers first?,"Start talking, wait, run away"
*-*-*-*-*,*-*-*-00076,T26-00076,외계인이 밥 달라고 하면 어쩔 거야?,"준다, 도망간다, 신고한다","If an alien asked you for food, what would you do?","Feed it, Run away, Report it"
*-*-*-*-*,*-*-*-00077,T26-00077,"퇴근 후 넷플릭스 vs 게임, 뭐가 더 끌려?","정주행, 랭크게임, 둘 다","Netflix or gaming after work, which one do you prefer?","Binge-watch, Ranked games, Both"
*-*-*-*-*,*-*-*-00078,T26-00078,"주말엔 캠핑 vs 이불 속, 어디가 좋아?","자연인, 집돌이/집순이","Camping or staying in bed on weekends, which do you prefer?","Nature lover, Homebody"
*-*-*-*-*,*-*-*-00079,T26-00079,번아웃 왔을 때 떠날 곳은?,"제주도, 호캉스, 본가, 산속",Where to escape when burnt out?,"Jeju Island, Staycation, Parent's house, Mountains"
*-*-*-*-*,*-*-*-00080,T26-00080,퇴근 후 나만의 소소하지만 확실한 행복은?,"맥주 한 캔, 예능, 게임, 택배깡","Your little after-work pleasure, what is it?","A can of beer, Variety show, Gaming, Unboxing packages"
*-*-*-*-*,*-*-*-00081,T26-00081,위로가 되는 최애 음식은?,"떡볶이, 케이크, 국밥, 치킨",What's your comfort food?,"Tteokbokki, Cake, Gukbap, Chicken"
*-*-*-*-*,*-*-*-00082,T26-00082,살 안 찌면 매일 야식 먹을 것 같아?,"당연하지, 그래도 건강 걱정","If you didn't gain weight, would you eat late-night snacks every day?","Absolutely, Still worry about health"
*-*-*-*-*,*-*-*-00083,T26-00083,새로 시작하고 싶은 취미 분야는?,"그림, 요리, 악기, 운동","A new hobby field you want to start, what is it?","Drawing, Cooking, Musical instrument, Exercise"
*-*-*-*-*,*-*-*-00084,T26-00084,"취미로 만든 작품, 누구에게 제일 자랑하고 싶어?","가족, 애인, 인스타, 친구",Who do you want to show off your handmade creations to the most?,"Family, Significant other, Instagram, Friends"
*-*-*-*-*,*-*-*-00085,T26-00085,"망친 작품, 예술이라고 우길 거야?","현대미술이야, 노력만 봐줘",Would you insist a ruined artwork is 'art'?,"It's modern art, Appreciate the effort"
*-*-*-*-*,*-*-*-00086,T26-00086,퇴근하고 집에 오면 제일 먼저 뭐 해?,"눕기, 씻기, 옷 갈아입기, 밥",What's the first thing you do when you get home from work?,"Lie down, Shower, Change clothes, Eat"
*-*-*-*-*,*-*-*-00087,T26-00087,뜻밖의 선물로 뭘 받고 싶어?,"꽃, 현금, 손편지, 기프티콘",What unexpected gift would you like to receive?,"Flowers, Cash, Handwritten letter, Gift card"
*-*-*-*-*,*-*-*-00088,T26-00088,치킨 시켰는데 콜라 3병 오면 기분 어떨 것 같아?,"개이득, 사장님께 전화, 나눔","If you ordered chicken and got 3 bottles of coke, how would you feel?","Jackpot, Call the restaurant, Share"
*-*-*-*-*,*-*-*-00089,T26-00089,스트레스 푸는 확실한 비법은?,"잠이 보약, 먹는 게 남는 거","Your sure-fire stress reliever, what is it?","Sleep is the best medicine, Eating is rewarding"
*-*-*-*-*,*-*-*-00090,T26-00090,당 떨어질 때 내 몸이 원하는 것은?,"초콜릿, 믹스커피, 낮잠",What does your body crave when your sugar levels drop?,"Chocolate, Instant coffee, Nap"
*-*-*-*-*,*-*-*-00091,T26-00091,"나만의 에너지 충전 방식은, 혼자 vs 함께?","혼자가 편해, 사람 만나야 풀려",Recharging your batteries: solo or with people?,"Prefer being alone, Need to see people to recharge"
*-*-*-*-*,*-*-*-00092,T26-00092,나만 아는 힐링 의식은?,"향초 켜기, 반신욕, 일기 쓰기",Got a go-to ritual for unwinding?,"Lighting candles, Taking a bath, Journaling"
*-*-*-*-*,*-*-*-00093,T26-00093,기분 전환하고 싶을 때 찾는 소울 푸드는?,"엽떡, 치맥, 삼겹살, 아이스크림",Comfort food for a mood boost?,"Spicy rice cakes, Chicken & beer, Grilled pork belly, Ice cream"
*-*-*-*-*,*-*-*-00094,T26-00094,세상에서 딱 하나 없앨 수 있다면 뭘 없앨 건?,"출근, 살, 미세먼지, 벌레","If you could erase one thing from existence, what would it be?","Commuting, Weight, Fine dust, Bugs"
*-*-*-*-*,*-*-*-00095,T26-00095,지친 몸 달래는 나만의 최고의 방법은?,"사우나, 마사지, 넷플릭스",Best way to soothe a tired body?,"Sauna, Massage, Netflix"
*-*-*-*-*,*-*-*-00096,T26-00096,스트레스 해소 젤리 맛은?,"불닭맛, 민초맛, 딸기맛, 소주맛",What flavor are stress-relief gummies?,"Spicy chicken, Mint chocolate, Strawberry, Soju"
*-*-*-*-*,*-*-*-00097,T26-00097,퇴근 후 누리는 여유는?,"차 한 잔, 멍때리기, 유튜브",Simple pleasures after work?,"A cup of tea, Zoning out, YouTube"
*-*-*-*-*,*-*-*-00098,T26-00098,"퇴근 후 즐기는 취미, 혼자 vs 같이?","동호회, 혼자 조용히",Post-work hobbies: solo or group?,"Club activities, Quiet time alone"
*-*-*-*-*,*-*-*-00099,T26-00099,"퇴근 후 소소한 성취, 누구와 공유하는 편?","SNS, 단톡방, 가족, 애인",Who do you share your small post-work wins with?,"Social media, Group chat, Family, Significant other"
*-*-*-*-*,*-*-*-00100,T26-00100,"운동 대신 눕방, 성과는?","피로 회복, 정신 승리, 행복","Instead of working out, you're lying down. The result?","Recovered from fatigue, Mental victory, Happiness"
*-*-*-*-*,*-*-*-00101,T26-00101,택배 '배송 완료' 알림이 뜬다면?,"칼퇴 본능, 설렘 폭발, 행복",When you get that 'Delivery Complete' notification?,"Bolt out of work, Bursting with excitement, Happiness"
*-*-*-*-*,*-*-*-00102,T26-00102,그렇게 찾아 헤매던 잃어버린 양말 한 짝 찾으면?,"유레카!, 드디어, 찝찝함 해결",Finding that missing sock?,"Eureka!, Finally!, Relief from unease"
*-*-*-*-*,*-*-*-00103,T26-00103,포근한 이불 속에 들어갈 때 기분은?,"녹는다, 천국이다, 이대로 평생",How does it feel getting into bed?,"Melting, Heaven, Like this forever"
*-*-*-*-*,*-*-*-00104,T26-00104,"오늘 하루, 내가 발견한 긍정 포인트는?","날씨, 커피, 작은 친절, 맛점",A positive thing you noticed today?,"Weather, Coffee, Small kindness, Delicious lunch"
*-*-*-*-*,*-*-*-00105,T26-00105,"딱 습관 하나만 고칠 수 있다면, 뭘 고칠래?","미루기 금지, 일찍 자기, 운동","If you could change just ONE habit, what would it be?","No more procrastination, Early to bed, Exercise"
*-*-*-*-*,*-*-*-00106,T26-00106,만약 0칼로리라면 뭐부터 먹을 거야?,"케이크, 마라탕, 햄버거, 피자","If calories didn't exist, what would you eat first?","Cake, spicy mala, hamburger, pizza"
*-*-*-*-*,*-*-*-00107,T26-00107,지친 하루 끝 기분 전환은?,"좋은 향기, 웃긴 영상, 맛난 거",What cheers you up after a long day?,"Good scents, funny videos, yummy food"
*-*-*-*-*,*-*-*-00108,T26-00108,한 달 푹 쉰다면 해보고 싶은 엉뚱한 짓은?,"무전여행, 삭발, 은둔생활","If you had a month off, what's one crazy thing you'd want to do?","Backpacking trip, shave my head, become a hermit"
*-*-*-*-*,*-*-*-00109,T26-00109,언젠가 꼭 배우고 싶은 것은?,"피아노, 수영, 춤, 코딩",What's something you really want to learn someday?,"Piano, swimming, dancing, coding"
*-*-*-*-*,*-*-*-00110,T26-00110,가장 편안하게 느껴지는 순간은?,"비 오는 날, 주말 아침, 잠들기 전",When do you feel most relaxed?,"Rainy days, weekend mornings, before sleep"
*-*-*-*-*,*-*-*-00111,T26-00111,나를 저절로 미소 짓게 하는 것은?,"아이들, 동물, 꽃, 통장 잔고",What always makes you smile?,"Kids, animals, flowers, bank balance"
*-*-*-*-*,*-*-*-00112,T26-00112,한 달 동안 딱 한 가지만 먹어야 한다면 뭐 먹을 건?,"질리지 않는 밥, 치킨, 고기","If you could only eat one thing for a month, 뭐 먹을 건?","Rice I won't get tired of, chicken, meat"
*-*-*-*-*,*-*-*-00113,T26-00113,고민이 생기면 제일 먼저 누구 찾는?,"친구, 엄마, 애인, 혼자 삭힘",Who do you turn to first when you're worried?,"Friend, mom, partner, bottle it up"
*-*-*-*-*,*-*-*-00114,T26-00114,호감 가는 상대의 행동은?,"매너, 잘 웃음, 경청, 맛집 추천",What's an attractive trait in someone you like?,"Good manners, good sense of humor, good listener, recommends good restaurants"
*-*-*-*-*,*-*-*-00115,T26-00115,요즘 가장 심란한 이유는?,"돈, 진로, 인간관계, 연애",What's stressing you out the most lately?,"Money, career path, relationships, dating"
*-*-*-*-*,*-*-*-00116,T26-00116,연애 고민은 주로 누구한테 털어놓는?,"절친, 형제자매, 커뮤니티",Who do you usually go to for relationship advice?,"Best friend, siblings, online forums"
*-*-*-*-*,*-*-*-00117,T26-00117,내 인생 최우선 가치는?,"행복, 자유, 돈, 사랑",What's the most important thing in your life?,"Happiness, freedom, money, love"
*-*-*-*-*,*-*-*-00118,T26-00118,나도 모르게 세대 차이를 느낄 때는?,"신조어 모를 때, 노래방 선곡",When do you really feel a generation gap?,"Not knowing slang, karaoke song choices"
*-*-*-*-*,*-*-*-00119,T26-00119,상대에게 호감 표현은 어떻게 하는 편?,"선물 공세, 칭찬, 연락 자주, 밥 사기",How do you tend to show someone you're interested?,"Gifts, compliments, frequent contact, buying meals"
*-*-*-*-*,*-*-*-00120,T26-00120,고민 털어놓는 대나무 숲은?,"친구, 일기장, 익명 게시판",Where do you vent your worries?,"Friend, diary, anonymous message boards"
*-*-*-*-*,*-*-*-00121,T26-00121,나의 성격을 한마디로 표현하자면?,"핵인싸, 집순이, 쫄보, 다혈질",How would you describe your personality in a nutshell?,"Social butterfly, Homebody, Scaredy-cat, Hothead"
*-*-*-*-*,*-*-*-00122,T26-00122,사랑에 빠지는 순간은?,"다정할 때, 일 잘할 때, 웃길 때",What makes you fall in love?,"Kindness, Competence, Humor"
*-*-*-*-*,*-*-*-00123,T26-00123,정말 심각한 고민은 누구랑 상의하는?,"부모님, 인생 선배, 전문가",Who do you talk to when you have serious worries?,"Parents, Mentor, Professional"
*-*-*-*-*,*-*-*-00124,T26-00124,나를 딱 한 단어로 정의한다면?,"자유영혼, 열정맨, 평화주의자",If you had to define yourself in one word?,"Free spirit, Passionate, Peacemaker"
*-*-*-*-*,*-*-*-00125,T26-00125,호감 가는 상대를 볼 때 뭘 제일 중요하게 보는?,"외모, 성격, 유머, 능력",What do you look for most in someone you're attracted to?,"Looks, Personality, Humor, Ability"
*-*-*-*-*,*-*-*-00126,T26-00126,진지한 상담이 필요할 때 누구를 찾는?,"믿는 친구, 멘토, 점집",Who do you turn to when you need advice?,"Trusted friend, Mentor, Fortune teller"
*-*-*-*-*,*-*-*-00127,T26-00127,자신감 뿜뿜하는 순간은?,"월급날, 꾸민 날, 칭찬 들을 때",When do you feel most confident?,"Payday, Dressed up, Getting praised"
*-*-*-*-*,*-*-*-00128,T26-00128,관심 있는 사람에게 주로 어떤 행동을 보이는?,"질문 폭탄, 아이컨택, 리액션",What kind of behavior do you usually show to someone you are interested in?,"Lots of questions, Eye contact, Reactions"
*-*-*-*-*,*-*-*-00129,T26-00129,혼자 조용히 나에 대해 생각하는 시간은?,"샤워할 때, 자기 전, 버스 안",When do you find time to think about yourself?,"In the shower, Before bed, On the bus"
*-*-*-*-*,*-*-*-00130,T26-00130,최근 설레게 한 도전은?,"새 프로젝트, 운동 시작, 썸",What's a challenge you've taken on recently that made you excited?,"New project, Starting to exercise, Flirting"
*-*-*-*-*,*-*-*-00131,T26-00131,관심 있다는 나만의 신호는?,"칼답장, 은근한 터치, 선물",What's your unique signal that you're interested in someone?,"Quick replies, Subtle touches, Gifts"
*-*-*-*-*,*-*-*-00132,T26-00132,우울모드 탈출하는 방법은?,"드라이브, 단거 먹기, 자기",What's your go-to method for snapping out of a bad mood?,"Drive, Eat sweets, Sleep"
*-*-*-*-*,*-*-*-00133,T26-00133,인생에서 절대 포기 못 하는 것은?,"자존심, 사랑, 야식, 휴식",What's something you'd never give up in life?,"Pride, Love, Late-night snacks, Rest"
*-*-*-*-*,*-*-*-00134,T26-00134,연애할 때 1순위는?,"믿음, 스킨십, 코드, 외모",What's your top priority in a relationship?,"Trust, Physical touch, Compatibility, Looks"
*-*-*-*-*,*-*-*-00135,T26-00135,스트레스 받을 때 나의 위로템은?,"소울푸드, 내 침대, 통장",What's your go-to comfort item when you're stressed?,"Comfort food, My bed, Bank account"
*-*-*-*-*,*-*-*-00136,T26-00136,셀프 칭찬해주고 싶을 때는?,"참았을 때, 해냈을 때, 일찍 일어날 때",When do you feel like you deserve to give yourself props?,"Resisting temptation, achieving something, waking up early"
*-*-*-*-*,*-*-*-00137,T26-00137,썸 탈 때 제일 심쿵하는 순간은?,"손 스칠 때, 훅 들어올 때, 꿀 떨어질 때",What's the most heart-fluttering moment when you're crushing on someone?,"Fingers brushing, sudden move, sweet vibes"
*-*-*-*-*,*-*-*-00138,T26-00138,힘든 날 나를 어떻게 달래는 편?,"혼술, 폭식, 펑펑 울기, 꿀잠",How do you typically comfort yourself on a tough day?,"Solo drink, binge eating, good cry, good sleep"
*-*-*-*-*,*-*-*-00139,T26-00139,내 성격 키워드는?,"급함, 느긋함, 예민함, 쿨함",Keywords for my personality?,"Impatient, laid-back, sensitive, cool"
*-*-*-*-*,*-*-*-00140,T26-00140,이상형 외모에서 제일 먼저 보는 건?,"눈, 키, 어깨, 미소, 스타일","When it comes to ideal type's appearance, what do you look at first?","Eyes, height, shoulders, smile, style"
*-*-*-*-*,*-*-*-00141,T26-00141,스트레스 받으면 주로 뭐하는 편?,"폭식, 잠수, 충동구매, 청소",What do you usually do when you're stressed?,"Binge eat, disappear, impulse buy, clean"
*-*-*-*-*,*-*-*-00142,T26-00142,나에게 친구 사이 의리란?,"비밀 지키기, 돈 빌려주기, 편 들어주기",What does loyalty mean to you in a friendship?,"Keeping secrets, lending money, taking their side"
*-*-*-*-*,*-*-*-00143,T26-00143,연애 상담 주로 누구한테 하는 편?,"전문가, 경험 많은 친구, 술",Who do you usually talk to for relationship advice?,"Professional, experienced friend, alcohol"
*-*-*-*-*,*-*-*-00144,T26-00144,남들이 보는 내 성격은 어떤 편?,"착하다, 4차원이다, 쎄다, 웃기다",What kind of personality do people say I have?,"Kind, quirky, strong, funny"
*-*-*-*-*,*-*-*-00145,T26-00145,새 인연 만나려면 뭘 해볼까?,"모임 나가기, 소개팅, 어플, 번따",What should I do to meet new people?,"Join a group, blind date, dating app, pick-up"
*-*-*-*-*,*-*-*-00146,T26-00146,연애 고민 해결사는?,"친구, 타로카드, 인터넷",Who solves your relationship problems?,"Friend, tarot cards, internet"
*-*-*-*-*,*-*-*-00147,T26-00147,주변 사람들이 보는 나의 특징은?,"잘 웃음, 말 많음, 조용함, 잘 먹음",What's a trait people notice about me?,"Laughs a lot, talkative, quiet, eats well"
*-*-*-*-*,*-*-*-00148,T26-00148,나에게 힘이 되는 한마디는?,"할 수 있어, 대박 나자, 사랑해",What's an encouraging thing to hear for me?,"You can do it, let's hit it big, I love you"
*-*-*-*-*,*-*-*-00149,T26-00149,"지친 퇴근길, 최고의 위로는?","가족의 문자, 맛있는 냄새, 빈 좌석",What's the best comfort on a tiring commute?,"Text from family, delicious smell, empty seat"
*-*-*-*-*,*-*-*-00150,T26-00150,"연애 문제, 주로 누구랑 의논하는 편이야~?","절친, 형제, 커뮤니티, 나 혼자",Who do I usually discuss relationship problems with?,"Best friend, sibling, online community, myself"
*-*-*-*-*,*-*-*-00151,T26-00151,새로 배우고 싶은 것은?,"코딩, 영상편집, 외국어, 악기",What's something you're dying to learn?,"Coding, video editing, a language, an instrument"
*-*-*-*-*,*-*-*-00152,T26-00152,나를 대표하는 성격 키워드는?,"긍정왕, 계획형, 팩폭러, 4차원",Personality keywords that define me are?,"Mr. Positive, planner, brutally honest, quirky"
*-*-*-*-*,*-*-*-00153,T26-00153,"연애 고민 있을 때, 가장 먼저 찾는 사람은?","친구, 형제, 커뮤니티, 나 혼자",Who's the first person I hit up with relationship woes?,"Friends, siblings, online forums, myself"
*-*-*-*-*,*-*-*-00154,T26-00154,요즘 나를 행복하게 하는 것은?,"월급, 맛집, 썸, 덕질",What's been making me happy lately?,"Paycheck, good food, flirting, fandom life"
*-*-*-*-*,*-*-*-00155,T26-00155,이상적인 연애의 필수 조건은?,"신뢰, 코드 맞음, 외모, 티키타카",Ideal relationship deal-breakers are?,"Trust, compatibility, looks, banter"
*-*-*-*-*,*-*-*-00156,T26-00156,연애에서 가장 중요한 하나는?,"신뢰, 스킨십, 유머, 대화",Most important thing in a relationship is?,"Trust, physical touch, humor, communication"
*-*-*-*-*,*-*-*-00157,T26-00157,힘들 때 나만의 해소법은?,"잠자기, 혼술, 달리기, 멍때리기",My go-to stress reliever is?,"Sleep, drinking solo, running, spacing out"
*-*-*-*-*,*-*-*-00158,T26-00158,나를 한 단어로 표현한다면?,"열정, 성실, 자유, 또라이",If I were to describe myself in one word?,"Passionate, diligent, free, eccentric"
*-*-*-*-*,*-*-*-00159,T26-00159,친한 사이라도 이것만은 맞춰줬으면 하는 것은?,"약속 시간, 돈 문제, 예의, 식성","What boundaries do I need, even with close friends?","Punctuality, money stuff, manners, food preferences"
*-*-*-*-*,*-*-*-00160,T26-00160,"요즘 내 상태, 한 단어로 표현하면?","피곤, 설렘, 거지, 행복",My current mood in a word?,"Tired, excited, broke, happy"
*-*-*-*-*,*-*-*-00161,T26-00161,인간관계 1순위 가치는?,"믿음, 재미, 이익, 편안함",Top priority in any relationship?,"Trust, fun, benefits, comfort"
*-*-*-*-*,*-*-*-00162,T26-00162,"좋아하는 마음, 어떻게 표현하는 편?","선물, 직진 고백, 챙겨주기, 쳐다보기",How do I tend to show I like someone?,"Gifts, direct confession, taking care, staring"
*-*-*-*-*,*-*-*-00163,T26-00163,고민 생기면 주로 누구 찾아가는 편?,"절친, 가족, 선생님, 인터넷",Who do I usually turn to when I'm worried?,"Best friend, family, teacher, internet"
*-*-*-*-*,*-*-*-00164,T26-00164,관계 유지의 핵심은?,"적당한 거리, 연락, 솔직함, 배려",What's key to maintaining relationships?,"Space, communication, honesty, consideration"
*-*-*-*-*,*-*-*-00165,T26-00165,고백할 때 뭐가 제일 필요할까?,"용기, 타이밍, 꽃, 돈",What's most important when confessing your feelings?,"Courage, timing, flowers, money"
*-*-*-*-*,*-*-*-00166,T26-00166,혼란스러울 때 나를 위한 처방은?,"생각 비우기, 조언 구하기, 잠",What's my go-to when I'm feeling lost?,"Clear my head, Ask for advice, Sleep"
*-*-*-*-*,*-*-*-00167,T26-00167,새 관계 시작할 때 제일 먼저 보는 것은?,"느낌, 가치관, 예의, 외모",What's the first thing I look for when starting a new relationship?,"Vibe, Values, Respect, Looks"
*-*-*-*-*,*-*-*-00168,T26-00168,감정 표현이 어려울 때 나만의 팁은?,"편지 쓰기, 이모티콘, 술기운",What are your go-to tips for when you're struggling to express your feelings?,"Write a letter, Emojis, Liquid courage"
*-*-*-*-*,*-*-*-00169,T26-00169,고민 상담 1순위는 누구?,"친구, 가족, 애인, 멘토",Who's the first person you go to for advice?,"Friend, Family, Partner, Mentor"
*-*-*-*-*,*-*-*-00170,T26-00170,인생 최고의 용기는?,"고백, 퇴사, 번지점프, 혼행",What's the bravest thing you've ever done?,"Confession, Quitting a job, Bungee jumping, Solo trip"
*-*-*-*-*,*-*-*-00171,T26-00171,연애에서 가장 중요하다고 생각하는 가치는?,"믿음, 설렘, 편안함, 유머",What's the most important value in a relationship?,"Trust, Excitement, Comfort, Humor"
*-*-*-*-*,*-*-*-00172,T26-00172,"답답할 때, 나만의 스트레스 해소법은?","드라이브, 수다, 노래방, 매운 거","When you're frustrated, what's your go-to way to blow off steam?","Drive, Chat, Karaoke, Spicy food"
*-*-*-*-*,*-*-*-00173,T26-00173,가장 최근 용기 냈던 순간은?,"발표, 고백, 낯선 모임, 환불 요청",What's the most recent time you were brave?,"Presentation, Confession, New group, Refund request"
*-*-*-*-*,*-*-*-00174,T26-00174,말하기 힘들 때 주로 쓰는 방법은?,"문자, 편지, 침묵, 눈빛",What's your preferred method when it's hard to say something?,"Text, Letter, Silence, Eye contact"
*-*-*-*-*,*-*-*-00175,T26-00175,나를 돌아볼 때 주로 하는 것은?,"일기, 산책, 옛날 사진, 멍때리기",What's the main thing you do when reflecting on yourself?,"Journal, Walk, Old photos, Zone out"
*-*-*-*-*,*-*-*-00176,T26-00176,가장 나답다고 느끼는 순간은?,"혼자 있을 때, 웃길 때, 일할 때",When is it that you feel most like yourself?,"When alone, When being funny, When working"
*-*-*-*-*,*-*-*-00177,T26-00177,힘낼 때 나에게 주는 선물은?,"맛있는 밥, 휴식, 쇼핑, 칭찬",What's your go-to treat when you need a boost?,"Good meal, Rest, Shopping, Compliment"
*-*-*-*-*,*-*-*-00178,T26-00178,첫 연애 생각하면 제일 먼저 드는 감정은?,"아련함, 쪽팔림, 그리움, 화남",What's the first emotion that comes to mind when you think of your first love?,"Bittersweet, Embarrassment, Nostalgia, Anger"
*-*-*-*-*,*-*-*-00179,T26-00179,힘들 때 꼭 찾게 되는 사람은?,"친구, 가족, 애인, 없음",Who is the person you always turn to when you're having a hard time?,"Friend, Family, Partner, No one"
*-*-*-*-*,*-*-*-00180,T26-00180,누군가를 좋아하게 될 때 스스로에게 묻는 질문은?,"진심이야?, 될까?, 후회 안 해?",What questions do you ask yourself when you're starting to like someone?,"Is this real?, Is it possible?, Will I regret it?"
*-*-*-*-*,*-*-*-00181,T26-00181,마음이 힘들 때 나만의 1순위 처방은?,"수면, 여행, 친구, 술",What's your go-to cure when you're feeling down?,"Sleep, travel, friends, drinks"
*-*-*-*-*,*-*-*-00182,T26-00182,새로운 도전을 앞두고 꼭 하는 일은?,"자료 조사, 마음의 준비, 기도",What's something you always do before tackling a new challenge?,"Research, mental prep, pray"
*-*-*-*-*,*-*-*-00183,T26-00183,연애할 때 제일 중요하다고 생각하는 것은?,"성격 차이, 대화, 스킨십, 외모",What do you think is the most important thing in a relationship?,"Personality fit, communication, physical touch, looks"
*-*-*-*-*,*-*-*-00184,T26-00184,나를 한 단어로 요약한다면?,"급함, 꼼꼼함, 털털함, 단순함",What's one word to describe me?,"Impulsive, meticulous, easygoing, simple"
*-*-*-*-*,*-*-*-00185,T26-00185,부자 되면 제일 먼저 할 일은?,"퇴사, 집 사기, 여행, 차 사기","If I got rich, what's the first thing I'd do?","Quit job, buy house, travel, buy car"
*-*-*-*-*,*-*-*-00186,T26-00186,이성 볼 때 가장 먼저 보는 곳은?,"눈, 스타일, 키, 손",What do you notice first in a potential partner?,"Eyes, style, height, hands"
*-*-*-*-*,*-*-*-00187,T26-00187,나는 어떤 사람인 것 같아?,"열정맨, 평화주의자, 분석가",What kind of person do you think I am?,"Passionate, peacemaker, analyst"
*-*-*-*-*,*-*-*-00188,T26-00188,나만의 스트레스 해소법은?,"소리 지르기, 매운 거, 잠수",What's your go-to stress relief method?,"Screaming, spicy food, disappear"
*-*-*-*-*,*-*-*-00189,T26-00189,고백할 때 꼭 필요한 한 가지는?,"반지, 진심, 분위기, 술",One thing you absolutely need for a confession of love?,"Ring, sincerity, atmosphere, alcohol"
*-*-*-*-*,*-*-*-00190,T26-00190,요즘 나에게 계속 던지는 질문은?,"잘하고 있어?, 행복해?, 돈은?",What question do I keep asking myself lately?,"Am I doing okay?, Am I happy?, The money?"
*-*-*-*-*,*-*-*-00191,T26-00191,내가 꼭 해보고 싶은 도전은?,"스카이다이빙, 세계일주, 유튜브",What challenge do I really want to try?,"Skydiving, world trip, YouTube"
*-*-*-*-*,*-*-*-00192,T26-00192,이성에게 끌리는 나의 포인트는?,"반전 매력, 목소리, 향기, 매너",What's an attractive quality about me?,"Unexpected charm, voice, scent, manners"
*-*-*-*-*,*-*-*-00193,T26-00193,요즘 내가 푹 빠져 있는 취미는?,"운동, 넷플릭스, 게임, 요리",What hobby am I super into these days?,"Working out, Netflix, gaming, cooking"
*-*-*-*-*,*-*-*-00194,T26-00194,인맥 관리의 핵심은?,"적당한 거리, 연락, 경조사",Key to managing relationships?,"Appropriate distance, keeping in touch, life events"
*-*-*-*-*,*-*-*-00195,T26-00195,나만 알고 있는 비밀 아지트는?,"단골 카페, 내 방, 옥상, 차 안",What's my secret hideout?,"Favorite cafe, my room, rooftop, in my car"
*-*-*-*-*,*-*-*-00196,T26-00196,호감 생기면 내가 먼저 하는 행동은?,"말 걸기, 주변 서성기기, 연락",What's the first thing I do when I have a crush on someone?,"Talk to them, Hang around, Contact"
*-*-*-*-*,*-*-*-00197,T26-00197,나는 자기 성찰할 때 주로 뭘 하는 편?,"일기, 명상, 혼술, 독서",What do I usually do when I self-reflect?,"Journaling, Meditation, Drinking alone, Reading"
*-*-*-*-*,*-*-*-00198,T26-00198,내가 세대 차이를 느끼는 순간은?,"줄임말 모를 때, 옛날 노래",When do I feel a generation gap?,"Not knowing slang, Old songs"
*-*-*-*-*,*-*-*-00199,T26-00199,내 MBTI 마지막 글자는?,"J(계획), P(즉흥)",What's the last letter of my MBTI?,"J (Planned), P (Spontaneous)"
*-*-*-*-*,*-*-*-00200,T26-00200,연애할 때 절대 못 참는 것은?,"거짓말, 바람, 잠수, 무시",What's absolutely unbearable in a relationship?,"Lies, Cheating, Ghosting, Ignoring"
*-*-*-*-*,*-*-*-00201,T26-00201,나를 위한 최고의 투자는?,"운동, 공부, 여행, 피부관리",What's the best investment you've made in yourself?,"Exercise, Studying, Travel, Skincare"
*-*-*-*-*,*-*-*-00202,T26-00202,지칠 때 나를 살리는 것은?,"치킨, 월급 입금, 칭찬, 휴가",What saves you when you're exhausted?,"Chicken, Getting paid, Compliments, Vacation"
*-*-*-*-*,*-*-*-00203,T26-00203,나의 고백 스타일은?,"돌직구, 은근슬쩍, 편지, 취중진담",What's your confession style?,"Direct, Subtle, Letter, Drunk confession"
*-*-*-*-*,*-*-*-00204,T26-00204,새 도전을 막는 장애물은?,"귀차니즘, 돈, 실패 두려움",What's the biggest obstacle to new challenges?,"Laziness, Money, Fear of failure"
*-*-*-*-*,*-*-*-00205,T26-00205,호감 가면 제일 먼저 뭐 하는?,"연락처 묻기, 밥 먹자고 하기",What's the first thing you do when you have a crush?,"Ask for number, Ask to eat"
*-*-*-*-*,*-*-*-00206,T26-00206,당장 100억 생기면 뭐 할 거는?,"건물주, 세계여행, 기부, 잠수","If you suddenly had $10 million, what would you do?","Landlord, World travel, Donate, Disappear"
*-*-*-*-*,*-*-*-00207,T26-00207,연애 문제는 주로 누구랑 상의하는?,"절친, 형제, 커뮤니티, 나 자신",Who do you usually talk to about relationship problems?,"Best friend, Sibling, Online community, Myself"
*-*-*-*-*,*-*-*-00208,T26-00208,배우고 싶은 새로운 기술은?,"영상 편집, 포토샵, 외국어",What new skill do you want to learn?,"Video editing, Photoshop, Foreign language"
*-*-*-*-*,*-*-*-00209,T26-00209,내 삶의 핵심 가치는?,"행복, 성공, 가족, 자유",What's a core value in your life?,"Happiness, Success, Family, Freedom"
*-*-*-*-*,*-*-*-00210,T26-00210,스트레스 해소 끝판왕은?,"매운 떡볶이, 노래방, 꿀잠",What's your ultimate stress reliever?,"Spicy tteokbokki, Karaoke, Good sleep"
*-*-*-*-*,*-*-*-00211,T26-00211,연애의 제1 원칙은?,"거짓말 금지, 사생활 존중",Relationship rule number one?,"No lies, respect privacy"
*-*-*-*-*,*-*-*-00212,T26-00212,나만의 힐링 루틴은?,"반신욕, 차 마시기, 산책",What's your go-to self-care routine?,"Half-bath, tea, walk"
*-*-*-*-*,*-*-*-00213,T26-00213,대화할 때 제일 중요한 건 뭐는?,"리액션, 눈 맞춤, 공감, 솔직함",What's most important in a conversation?,"Reaction, eye contact, empathy, honesty"
*-*-*-*-*,*-*-*-00214,T26-00214,싸우면 주로 어떻게 푸는?,"바로 대화, 시간 갖기, 선물",How do you usually resolve conflicts?,"Talk it out ASAP, take a break, gift"
*-*-*-*-*,*-*-*-00215,T26-00215,요즘 자주 하는 생각은?,"오늘 뭐 먹지, 로또 당첨, 퇴사",What's been on your mind lately?,"What to eat, winning the lottery, quitting my job"
*-*-*-*-*,*-*-*-00216,T26-00216,호감을 느끼게 되는 결정적 순간은?,"웃어줄 때, 챙겨줄 때, 일 잘할 때",What's the defining moment you feel attracted to someone?,"Smiling, being caring, competence"
*-*-*-*-*,*-*-*-00217,T26-00217,연애 상대에게 가장 중요한 조건은?,"성격, 능력, 외모, 집안",What is the most important thing you look for in a partner?,"Personality, ability, looks, family background"
*-*-*-*-*,*-*-*-00218,T26-00218,스트레스 해소에 최고는?,"치맥, 친구와 수다, 쇼핑",What's the best way to relieve stress?,"Chicken & beer, chatting with friends, shopping"
*-*-*-*-*,*-*-*-00219,T26-00219,새롭게 도전해보고 싶은 분야는?,"스포츠, 예술, 요리, 사업",What new field are you interested in exploring?,"Sports, art, cooking, business"
*-*-*-*-*,*-*-*-00220,T26-00220,어떤 고백 방법을 선호하는 편이야?,"직접 말하기, 편지, 선물과 함께",What kind of confession do you prefer?,"In person, letter, with a gift"
*-*-*-*-*,*-*-*-00221,T26-00221,새로 해보고 싶은 취미는?,"클라이밍, 도예, 댄스, 캠핑",What new hobby would you like to try?,"Climbing, pottery, dancing, camping"
*-*-*-*-*,*-*-*-00222,T26-00222,친구와 제일 안 맞는 점은?,"입맛, 여행 스타일, 개그 코드",What's the biggest thing you disagree on with your friends?,"Taste in food, travel style, sense of humor"
*-*-*-*-*,*-*-*-00223,T26-00223,지금 꿈꾸는 연애는?,"설레는 연애, 친구 같은 연애",What kind of relationship are you dreaming of?,"Exciting romance, friendship-based relationship"
*-*-*-*-*,*-*-*-00224,T26-00224,나를 가장 잘 표현하는 형용사는?,"밝은, 차분한, 엉뚱한, 시크한",What adjective best describes you?,"Bright, calm, quirky, chic"
*-*-*-*-*,*-*-*-00225,T26-00225,올해 꼭 이루고 싶은 목표는?,"다이어트, 자격증, 저축, 연애",What's one goal you want to achieve this year?,"Diet, certification, saving money, relationship"
*-*-*-*-*,*-*-*-00226,T26-00226,도전할 때 가장 필요한 것은?,"용기, 돈, 계획, 끈기",What's the most important thing you need when facing a challenge?,"Courage, money, a plan, persistence"
*-*-*-*-*,*-*-*-00227,T26-00227,연애 상대를 볼 때 가장 중요하게 생각하는 것은?,"얼굴, 몸매, 성격, 능력",What is the number one thing you look for in a romantic partner?,"Looks, body, personality, ability"
*-*-*-*-*,*-*-*-00228,T26-00228,지금 나에게 해주고 싶은 말은?,"잘하고 있어, 넌 최고야, 쉬어가",What's one thing you'd like to tell yourself right now?,"You're doing great, you're the best, take a break"
*-*-*-*-*,*-*-*-00229,T26-00229,나만의 최고의 스트레스 해소제는?,"반려동물, 맛집, 게임, 드라이브",What's your go-to stress reliever?,"Pets, good food, games, driving"
*-*-*-*-*,*-*-*-00230,T26-00230,갈등 생기면 해결법은?,"대화로 풀기, 술 한잔, 시간 갖기",How do you usually resolve conflicts?,"Talk it out, grab a drink, take some time"
*-*-*-*-*,*-*-*-00231,T26-00231,최고의 스트레스 해소 효과는?,"땀 흘리기, 먹기, 자기, 울기",What provides the best stress relief?,"Exercise, eating, sleeping, crying"
*-*-*-*-*,*-*-*-00232,T26-00232,나의 성격 스타일은?,"리더형, 참모형, 팔로워형",What's your personality style?,"Leader, advisor, follower"
*-*-*-*-*,*-*-*-00233,T26-00233,"오늘 하루, 행복했던 순간은?","맛있는 점심, 칼퇴, 칭찬",What was your happy moment today?,"Good lunch, leaving on time, compliments"
*-*-*-*-*,*-*-*-00234,T26-00234,힘들 때 제일 먼저 생각나는 사람은?,"가족, 친구, 연인, 혼자 해결",Who's the first person you think of when you're having a hard time?,"Family, friends, partner, solve it alone"
*-*-*-*-*,*-*-*-00235,T26-00235,"서로 의견이 다를 때, 주로 어떻게 해결하는 편이야?","설득하기, 포기하기, 타협하기",How do you usually resolve differences in opinion?,"Try to persuade, give up, compromise"
*-*-*-*-*,*-*-*-00236,T26-00236,연애에서 이것만큼은 꼭 필요하다 싶은 건?,"사랑, 믿음, 돈, 속궁합",What's something you absolutely need in a relationship?,"Love, trust, money, sexual chemistry"
*-*-*-*-*,*-*-*-00237,T26-00237,최근에 제일 관심이 가는 분야는?,"주식, 부동산, 패션, 건강",What field has caught your interest lately?,"Stocks, real estate, fashion, health"
*-*-*-*-*,*-*-*-00238,T26-00238,나를 가장 잘 설명하는 단어는?,"자유, 책임감, 유쾌, 진지",What's the word that best describes you?,"Freedom, responsibility, cheerful, serious"
*-*-*-*-*,*-*-*-00239,T26-00239,호감 가는 사람에게 제일 먼저 하는 행동은?,"눈 마주치기, 말 걸기, 미소",What's the first thing you do when you like someone?,"Make eye contact, start talking, smile"
*-*-*-*-*,*-*-*-00240,T26-00240,"싸운 후에, 주로 먼저 사과하는 편이야?","내가 먼저, 절대 안 함, 상황 봐서",Do you usually apologize first after a fight?,"Me first, never, depends on the situation"
*-*-*-*-*,*-*-*-00241,T26-00241,만약 성격이 잘 안 맞으면 어떻게 하는 편이야?,"맞춰감, 포기함, 피함",What do you usually do if you're not compatible with someone?,"Make it work, give up, avoid"
*-*-*-*-*,*-*-*-00242,T26-00242,연애에서 이것 하나만은 꼭 필요하다면?,"데이트, 연락, 스킨십, 선물","If you had to pick one essential for a relationship, what would it be?","Dates, communication, physical touch, gifts"
*-*-*-*-*,*-*-*-00243,T26-00243,나의 대표 이미지는?,"모범생, 날라리, 4차원, 훈남/훈녀",What's my public image?,"Straight-A student, rebel, quirky, good-looking"
*-*-*-*-*,*-*-*-00244,T26-00244,스트레스 해방구는?,"노래방, PC방, 헬스장, 집",Where do you blow off steam?,"Karaoke, PC bang, gym, home"
*-*-*-*-*,*-*-*-00245,T26-00245,연애 문제 상담사는?,"절친, 아는 언니/형, 타로",Who's your go-to for relationship advice?,"Best friend, older friend, tarot reader"
*-*-*-*-*,*-*-*-00246,T26-00246,고백 성공의 열쇠는?,"타이밍, 진심, 분위기, 외모",Key to a successful confession of love?,"Timing, sincerity, atmosphere, looks"
*-*-*-*-*,*-*-*-00247,T26-00247,오해를 풀 때 가장 효과적인 방법은?,"솔직한 대화, 편지, 술자리",What's the best way to resolve misunderstandings?,"Honest talk, letter, drinks"
*-*-*-*-*,*-*-*-00248,T26-00248,스트레스받으면 제일 먼저 하는 일은?,"한숨 쉬기, 단거 먹기, 욕하기",What's the first thing you do when you get stressed?,"Sigh, eat sweets, swear"
*-*-*-*-*,*-*-*-00249,T26-00249,"연애를 시작하고 싶을 때, 어떻게 하는 편이야?","어플 켜기, 소개팅 조르기, 헌팅",How do you usually go about starting a relationship?,"Open dating app, beg for a blind date, go hunting"
*-*-*-*-*,*-*-*-00250,T26-00250,연애 고민은 주로 누구와 나누는 편이야?,"가족, 친구, 커뮤니티",Who do you usually share your relationship worries with?,"Family, friends, online community"
*-*-*-*-*,*-*-*-00251,T26-00251,앞으로 하고 싶은 연애는 어떤 모습이야?,"결혼 전제, 편안함, 불타는 사랑",What kind of relationship do you want in the future?,"Marriage-focused, comfort, passionate love"
*-*-*-*-*,*-*-*-00252,T26-00252,나만의 연애 고민 해결법은?,"친구 수다, 사주/타로, 혼자 생각",What's your go-to solution for relationship problems?,"Chat with friends, fortune telling, think alone"
*-*-*-*-*,*-*-*-00253,T26-00253,요즘 나를 괴롭히는 감정은?,"불안, 우울, 짜증, 허무",What emotion is bugging you lately?,"Anxiety, depression, annoyance, emptiness"
*-*-*-*-*,*-*-*-00254,T26-00254,썸 깰 때 제일 정떨어지는 행동은?,"맞춤법 파괴, 허세, 욕설, 쩝쩝",What's the biggest deal-breaker when you're getting to know someone?,"Bad spelling, bragging, swearing, loud chewing"
*-*-*-*-*,*-*-*-00255,T26-00255,고민 상담 0순위는 누구?,"엄마, 단짝, 애인, 없음",Who's your #1 for advice?,"Mom, bestie, partner, no one"
*-*-*-*-*,*-*-*-00256,T26-00256,나에게 이상적인 관계란?,"친구 같은 연인, 서로 윈윈",What does your ideal relationship look like?,"Like a best friend, Win-win situation"
*-*-*-*-*,*-*-*-00257,T26-00257,지금 나의 기분 상태는?,"그럭저럭, 최악, 최고, 쏘쏘",How are you feeling right now?,"Okay, Terrible, Amazing, So-so"
*-*-*-*-*,*-*-*-00258,T26-00258,지금 상담받고 싶은 주제는?,"진로, 연애, 인간관계, 돈",What's a topic you'd want to talk about in therapy right now?,"Career, Dating, Relationships, Money"
*-*-*-*-*,*-*-*-00259,T26-00259,최근 셀프 선물로 뭘 샀는?,"옷, 맛있는 거, 굿즈, 화장품",What did you buy as a treat for yourself recently?,"Clothes, Tasty food, Merch, Makeup"
*-*-*-*-*,*-*-*-00260,T26-00260,나만의 인생 조언은?,"존버는 승리한다, 피할 수 없으면 즐겨라",What's one piece of life advice you swear by?,"Hang in there, it pays off, If you can't avoid it, enjoy it"
*-*-*-*-*,*-*-*-00261,T26-00261,지금 배우고 싶은 분야는?,"재테크, 운동, 외국어, 요리",What's a field you want to learn about right now?,"Finance, Exercise, Foreign language, Cooking"
*-*-*-*-*,*-*-*-00262,T26-00262,패션에서 제일 중요한 것은?,"핏, 브랜드, 색감, 자신감",What's the most important thing in fashion?,"Fit, Brand, Color, Confidence"
*-*-*-*-*,*-*-*-00263,T26-00263,다른 직업을 갖는다면 뭐 하고 싶어?,"유튜버, 건물주, 연예인, 카페사장","If you could have another job, what would it be?","Youtuber, Landlord, Celebrity, Cafe owner"
*-*-*-*-*,*-*-*-00264,T26-00264,좋아하면 내 행동이 변하는 편?,"뚝딱거림, 말 많아짐, 꾸밈",Do you act differently when you like someone?,"Awkwardness, Talkative, Dress up"
*-*-*-*-*,*-*-*-00265,T26-00265,MBTI 궁합 믿는 편?,"완전 믿음, 재미로 봄, 안 믿음",Do you believe in MBTI compatibility?,"Totally, Just for fun, Not at all"
*-*-*-*-*,*-*-*-00266,T26-00266,고백할 때 필살기는?,"확신, 무드, 멘트, 선물",What's your secret weapon when confessing your feelings?,"Conviction, Ambiance, Words, Gift"
*-*-*-*-*,*-*-*-00267,T26-00267,요즘 제일 설레는 일은?,"택배, 주말, 월급, 썸",What's the most exciting thing happening lately?,"Packages, Weekend, Paycheck, Flirting"
*-*-*-*-*,*-*-*-00268,T26-00268,요즘 푹 빠져있는 것은?,"유튜브, 아이돌, 운동, 게임",What are you obsessed with these days?,"Youtube, Idols, Working out, Games"
*-*-*-*-*,*-*-*-00269,T26-00269,결혼 생활에 가장 필수적인 조건은?,"경제력, 성격, 속궁합, 자녀",What's the most essential condition for a happy marriage?,"Financial stability, Personality, Chemistry, Children"
*-*-*-*-*,*-*-*-00270,T26-00270,기념일에 해주고 싶은 것은?,"호캉스, 명품 선물, 손편지, 요리",What would you want to do for an anniversary?,"Staycation, Luxury gift, Handwritten letter, Cooking"
*-*-*-*-*,*-*-*-00271,T26-00271,연인과 싸우면 어떻게 푸는 편?,"먼저 사과, 잠수, 논리적 반박",How do you usually resolve fights with your SO?,"Apologize first, disappear, logical rebuttal"
*-*-*-*-*,*-*-*-00272,T26-00272,제일 기대되는 나의 미래는?,"부자, 전문가, 행복한 가정, 자유인",What are you most looking forward to in your future?,"Being rich, being an expert, happy family, being free"
*-*-*-*-*,*-*-*-00273,T26-00273,연애에서 가장 중요하게 생각하는 가치는?,"즐거움, 안정감, 성장, 배려",What's the most important value to you in a relationship?,"Fun, stability, growth, consideration"
*-*-*-*-*,*-*-*-00274,T26-00274,나를 가장 힘들게 하는 감정은?,"열등감, 후회, 질투, 분노",What emotion gets you down the most?,"Inferiority, regret, jealousy, anger"
*-*-*-*-*,*-*-*-00275,T26-00275,다음 휴가에 추천하고 싶은 여행지는?,"제주도, 동남아, 유럽, 집",Where would you recommend I go on my next vacation?,"Jeju Island, Southeast Asia, Europe, home"
*-*-*-*-*,*-*-*-00276,T26-00276,연애에서 원하는 느낌은?,"포근함, 짜릿함, 든든함",What kind of vibe do you want in a relationship?,"Comfort, excitement, reliability"
*-*-*-*-*,*-*-*-00277,T26-00277,지금 제일 큰 고민거리는?,"돈, 취업, 이직, 결혼",What's your biggest worry right now?,"Money, getting a job, changing jobs, marriage"
*-*-*-*-*,*-*-*-00278,T26-00278,올해 가장 기대되는 변화는?,"몸매 변화, 통장 잔고, 연애 상태",What change are you most hoping for this year?,"Body transformation, bank balance, relationship status"
*-*-*-*-*,*-*-*-00279,T26-00279,나를 에너지 뿜뿜하게 만드는 활동은?,"노래방, 운동, 수다, 춤",What activity gives you the most energy?,"Karaoke, exercise, chatting, dancing"
*-*-*-*-*,*-*-*-00280,T26-00280,새로 배우고 싶은 스킬은?,"운전, 수영, 골프, 편집",What's a new skill you'd like to learn?,"Driving, swimming, golf, editing"
*-*-*-*-*,*-*-*-00281,T26-00281,연애할 때 절대 참을 수 없는 행동은?,"비교하기, 폰 검사, 약속 어기기",What behavior do you absolutely HATE in a relationship?,"Comparing, checking phone, breaking promises"
*-*-*-*-*,*-*-*-00282,T26-00282,요즘 심리적 문제는?,"불면증, 무기력증, 대인기피",What's been your biggest mental hang-up lately?,"Insomnia, lethargy, social anxiety"
*-*-*-*-*,*-*-*-00283,T26-00283,부자가 되려면 버려야 할 습관은?,"과소비, 늦잠, 택시 타기",What habit should you ditch to get rich?,"Overspending, sleeping in, taking taxis"
*-*-*-*-*,*-*-*-00284,T26-00284,연인에게 바라는 단 한 가지는?,"변치 않기, 내 편 되기, 거짓말 X",What's the one thing you want from your partner?,"Never change, take my side, no lies"
*-*-*-*-*,*-*-*-00285,T26-00285,지금 내 심리 상태를 나타내는 키워드는?,"안정, 불안, 권태, 흥분",What's a keyword that describes your current mental state?,"Stability, anxiety, boredom, excitement"
*-*-*-*-*,*-*-*-00286,T26-00286,제일 좋아하는 운동은?,"숨쉬기, 걷기, 헬스, 요가",Fave workout?,"Breathing, walking, gym, yoga"
*-*-*-*-*,*-*-*-00287,T26-00287,친구 사이에서 가장 중요하게 생각하는 가치는?,"의리, 공감, 재미, 비밀 유지",What's the most important value in a friendship?,"Loyalty, empathy, fun, keeping secrets"
*-*-*-*-*,*-*-*-00288,T26-00288,결혼 후에 달라진 점은?,"책임감, 체중, 생활 패턴, 안정감",How's married life changed you?,"Responsibility, weight, routine, stability"
*-*-*-*-*,*-*-*-00289,T26-00289,나를 설레게 하는 것은?,"새 신발, 여행 가방, 입금 알림",What makes you feel excited?,"New shoes, travel bag, getting paid"
*-*-*-*-*,*-*-*-00290,T26-00290,선호하는 운동 스타일은?,"혼자 하기, 같이 하기, 빡세게, 설렁설렁",Workout style: solo or group?,"Solo, group, intense, chill"
*-*-*-*-*,*-*-*-00291,T26-00291,하루 중 가장 행복한 시간은?,"퇴근 직후, 샤워 후, 맥주 한잔",Happiest time of the day?,"Right after work, after a shower, a beer"
*-*-*-*-*,*-*-*-00292,T26-00292,연애 조언은 누구한테 구하는?,"경험 많은 친구, 인터넷, 타로",Who do you ask for relationship advice?,"Experienced friend, the internet, tarot"
*-*-*-*-*,*-*-*-00293,T26-00293,새로운 인연은 어떻게 만나는?,"소개팅, 자만추, 헌팅, 동호회",How do you meet new people?,"Blind date, naturally, hitting on, club"
*-*-*-*-*,*-*-*-00294,T26-00294,상대에게 해주고 싶은 칭찬은?,"오늘 예쁘다/멋지다, 센스 있다",What compliment would you give someone?,"Looking good today, you're witty"
*-*-*-*-*,*-*-*-00295,T26-00295,맘에 드는 사람이 있으면 하는 행동은?,"계속 쳐다봄, 리액션 부자, 칼답",What do you do when you like someone?,"Stare a lot, big reactions, fast replies"
*-*-*-*-*,*-*-*-00296,T26-00296,힘들 때 누구한테 기대는?,"엄마, 아빠, 친구, 애인",Who do you lean on when you're having a tough time?,"Mom, dad, friend, partner"
*-*-*-*-*,*-*-*-00297,T26-00297,연애의 기본은?,"예의, 연락, 표현",What's the foundation of a relationship?,"Respect, communication, expression"
*-*-*-*-*,*-*-*-00298,T26-00298,연애 상대를 고를 때 가장 중요한 포인트는?,"외모, 능력, 티키타카",What's the most important thing when choosing a partner?,"Looks, ability, chemistry"
*-*-*-*-*,*-*-*-00299,T26-00299,연애 고민 생기면 어떻게 하는 편이야?,"친구 소집, 혼술, 일기 쓰기",What do you usually do when relationship problems arise?,"Call friends, drink alone, write in a diary"
*-*-*-*-*,*-*-*-00300,T26-00300,부자 되면 1순위로 뭘 할 거야?,"퇴사, 차 바꾸기, 명품 쇼핑","If you got rich, what's the very first thing you'd do?","Quit job, new car, luxury shopping"
*-*-*-*-*,*-*-*-00301,T26-00301,요즘 내 마음은 어떤 상태?,"싱숭생숭, 평온, 우울, 신남",What's my mood like lately?,"Restless, peaceful, down, excited"
*-*-*-*-*,*-*-*-00302,T26-00302,결혼에 있어 필수로 생각하는 요소는?,"사랑, 돈, 의리, 자녀",What elements are must-haves for marriage?,"Love, money, loyalty, kids"
*-*-*-*-*,*-*-*-00303,T26-00303,요즘 내 머릿속을 가득 채운 생각은?,"돈 생각, 퇴사 생각, 연애 생각",What thoughts have been filling my mind lately?,"Money thoughts, quitting thoughts, dating thoughts"
*-*-*-*-*,*-*-*-00304,T26-00304,첫인상을 결정짓는 가장 큰 요소는?,"얼굴, 목소리, 옷차림, 향기",What's the biggest factor that determines a first impression?,"Face, voice, outfit, scent"
*-*-*-*-*,*-*-*-00305,T26-00305,내 MBTI는?,"E(외향), I(내향), S(감각), N(직관)",My MBTI is?,"E (Extrovert), I (Introvert), S (Sensing), N (Intuition)"
*-*-*-*-*,*-*-*-00306,T26-00306,장기 연애의 비결은 뭐라고 생각해?,"편안함, 신뢰, 적당한 무관심",What do you think is the secret to a long-term relationship?,"Comfort, trust, a little indifference"
*-*-*-*-*,*-*-*-00307,T26-00307,고민 생기면 주로 어떻게 해결하는 편이야?,"잠으로 회피, 수다로 풀기, 해결책 찾기",How do you usually deal with worries when they arise?,"Sleep it off, vent with friends, find a solution"
*-*-*-*-*,*-*-*-00308,T26-00308,인간관계 핵심은?,"기브 앤 테이크, 진심, 적당한 거리",Key to relationships?,"Give and take, sincerity, appropriate distance"
*-*-*-*-*,*-*-*-00309,T26-00309,피곤할 때 나만의 꿀팁이 있다면?,"박카스, 마사지, 찜질방, 낮잠",If I have my own tips when I'm tired?,"Energy drink, massage, sauna, nap"
*-*-*-*-*,*-*-*-00310,T26-00310,새롭게 시도해보고 싶은 대화법은?,"경청하기, 칭찬하기, 눈 맞추기",What kind of conversation style do I want to try?,"Listening, complimenting, eye contact"
*-*-*-*-*,*-*-*-00311,T26-00311,좋은 관계를 위해서 내가 할 수 있는 행동은?,"약속 지키기, 경청, 먼저 연락",What actions can I take to foster a good relationship?,"Keeping promises, listening, reaching out first"
*-*-*-*-*,*-*-*-00312,T26-00312,미래에 꼭 하고 싶은 직업은?,"유튜버, 카페 사장, 프리랜서",What's a dream job you'd love to have in the future?,"Youtuber, cafe owner, freelancer"
*-*-*-*-*,*-*-*-00313,T26-00313,연인에게 가장 바라는 점은?,"내 편 들기, 연락 잘하기, 표현하기",What is the thing I want most from my partner?,"Taking my side, good communication, showing affection"
*-*-*-*-*,*-*-*-00314,T26-00314,마음이 복잡할 때 주로 하는 일은?,"청소, 정리, 걷기, 멍때리기",What do you usually do when your mind is a mess?,"Cleaning, organizing, walking, spacing out"
*-*-*-*-*,*-*-*-00315,T26-00315,살면서 가장 보람을 느끼는 활동은?,"봉사, 기부, 칭찬 듣기, 목표 달성",What activities feel most rewarding in life?,"Volunteering, donating, getting compliments, achieving goals"
*-*-*-*-*,*-*-*-00316,T26-00316,최근에 설렜던 순간은?,"눈 마주칠 때, 맛있는 거 먹을 때",What was a moment you felt butterflies recently?,"Eye contact, eating something delicious"
*-*-*-*-*,*-*-*-00317,T26-00317,기분 좋을 때 주로 뭐 하는 편이야?,"콧노래, 춤추기, 한턱쏘기",What do you usually do when you're in a good mood?,"Hum, dance, treat someone"
*-*-*-*-*,*-*-*-00318,T26-00318,꼭 이루고 싶은 목표는?,"내 집 마련, 몸짱, 1억 모으기",What's a goal you're really chasing?,"Own a home, get fit, save a ton of money"
*-*-*-*-*,*-*-*-00319,T26-00319,새롭게 도전하고 싶은 취미는?,"서핑, 디제잉, 그림, 글쓰기",What's a hobby you'd love to try?,"Surfing, DJing, painting, writing"
*-*-*-*-*,*-*-*-00320,T26-00320,최근에 나를 설레게 했던 작은 일은?,"길고양이 만남, 버스 바로 옴",What's a small thing that made you happy recently?,"Seeing a stray cat, the bus coming right away"
*-*-*-*-*,*-*-*-00321,T26-00321,어릴 적 가장 강렬했던 추억은?,"운동회, 소풍, 장기자랑, 받아쓰기",What's your most vivid childhood memory?,"Sports day, picnic, talent show, spelling tests"
*-*-*-*-*,*-*-*-00322,T26-00322,나를 위한 새로운 도전은 뭘 하고 있어?,"나 홀로 여행, 바디프로필, 자격증",What's a new challenge you're taking on for yourself?,"Solo trip, body profile photoshoot, certification"
*-*-*-*-*,*-*-*-00323,T26-00323,연락의 중요성은?,"생명줄, 적당히, 용건만",How important is staying in touch?,"Lifeline, in moderation, only when necessary"
*-*-*-*-*,*-*-*-00324,T26-00324,조언 구하기 제일 편한 사람은?,"동네 친구, 선배, 형제",Who's the easiest person to ask for advice?,"Neighborhood friend, senior, sibling"
*-*-*-*-*,*-*-*-00325,T26-00325,여행 준비하면서 제일 설레는 순간은?,"공항, 맛집 검색, 숙소, 면세점",What's the most exciting part of getting ready for a trip?,"The airport, searching for good eats, the hotel, duty-free"
*-*-*-*-*,*-*-*-00326,T26-00326,사랑에 빠진다는 건 어떤 느낌일까?,"세상이 아름다움, 붕 뜬 기분",What does falling in love feel like?,"The world is beautiful, floating"
*-*-*-*-*,*-*-*-00327,T26-00327,나의 성장을 위해서 뭐가 필요할까?,"독서, 경험, 실패, 멘토",What do I need to grow?,"Reading, experience, failure, a mentor"
*-*-*-*-*,*-*-*-00328,T26-00328,어떤 초능력을 갖고 싶어?,"순간이동, 투명인간, 시간여행",What superpower would you want?,"Teleportation, invisibility, time travel"
*-*-*-*-*,*-*-*-00329,T26-00329,일상 속에서 문득 설레는 순간은?,"퇴근 시간, 금요일 밤, 택배 도착",What's a moment of excitement in your daily life?,"Quitting time, Friday night, package arriving"
*-*-*-*-*,*-*-*-00330,T26-00330,미래를 위해서 어떤 도전을 계획하고 있어?,"창업, 유학, 이민, 결혼",What challenge are you planning for the future?,"Start a business, study abroad, immigration, marriage"
*-*-B-Ar-L3,B-Ar-L3-00331,T26-00331,내 술버릇 중 젤 웃긴 썰은?,"고양이 상담, 낙엽 결제, 전 애인한테 고백",What's the funniest story about my drinking habits?,"Counseling cats, paying with fallen leaves, confessing to an ex"
*-*-B-Ar-L3,B-Ar-L3-00332,T26-00332,어젯밤 기억 중에 제일 마지막 장면은?,"첫 잔 건배, 노랫소리, 2차 가자는 말",What's the last thing you remember from last night?,"The first toast, the sound of singing, someone suggesting a second round"
*-*-B-Ar-L3,B-Ar-L3-00333,T26-00333,술 깨고 제일 후회했던 적은?,"새벽 카톡, 카드 결제 문자, 기억 안 나는 막말",What's the thing you've most regretted after sobering up?,"Late-night texts, credit card alerts, remembering the harsh things I said"
*-*-Fa-Fs-L4,Fa-Fs-L4-00334,T26-00334,숙취 증상 중에 제일 심한 건?,"깨질 듯한 두통, 심한 무기력감, 숙취 스타일 변화",What's the worst part of your hangover?,"Pounding headache, extreme lethargy, a change in my hangover style"
*-*-Fa-Fs-L4,Fa-Fs-L4-00335,T26-00335,요즘 스트레스 해소하는 방법은?,"멍 때리면서 영화, 그냥 걷기, 딱히 없어, 계속 고민",How do you relieve stress these days?,"Watching mindless movies, just walking, not really, constant worrying"
*-*-Fa-Fs-L4,Fa-Fs-L4-00336,T26-00336,가족 간의 음주에 대한 생각은?,"모여서 진솔한 대화, 전문가 도움, 솔직히 막막함",What do you think about families drinking together?,"A chance for honest conversations, seeking professional help, honestly, I feel lost"
*-*-Lo-Sw-L3,Lo-Sw-L3-00337,T26-00337,내 술버릇 중 제일 최악인 점은?,"무한 말 반복, 과도한 텐션, 과한 스킨십?",What's the worst thing about my drinking habits?,"Repeating myself endlessly, over-the-top energy, too much physical touch?"
*-*-Lo-Sw-L3,Lo-Sw-L3-00338,T26-00338,"그때, 제일 서운했던 것은?","무시하는 태도, 얕잡아 보는 말투, 상처 주는 말",What was the most hurtful thing then?,"Being ignored, a condescending tone, hurtful words"
*-*-Lo-Sw-L3,Lo-Sw-L3-00339,T26-00339,술 말고 재밌게 놀 수 있는 방법은?,"땀 흘리는 운동, 같이 하는 취미, 갑작스런 여행",What else can we do for fun besides drinking?,"Sweaty exercise, shared hobbies, spontaneous trips"
*-*-B-Ar-L3,B-Ar-L3-00340,T26-00340,내 술버릇 중 젤 웃긴 썰은?,"고양이 상담, 낙엽 결제, 전 애인한테 고백",What's the funniest story about my drinking habits?,"Counseling cats, paying with fallen leaves, confessing to an ex"
*-*-B-Ar-L3,B-Ar-L3-00341,T26-00341,어젯밤에 기억나는 것은?,"첫 잔, 춤, 택시비 폭탄",What do you remember from last night?,"The first drink, dancing, crazy taxi fare"
*-*-B-Ar-L3,B-Ar-L3-00342,T26-00342,술 깨고 제일 후회한 순간은?,"카톡 실수, 과소비, 블랙아웃",What's the moment you regretted most after sobering up?,"Drunk texts, overspending, blacking out"
*-*-Fa-Fs-L4,Fa-Fs-L4-00343,T26-00343,술 마신 다음 날 제일 힘든 건?,"심한 두통, 늘어짐, 속 안 좋음",What's the hardest part about the day after drinking?,"Terrible headache, feeling lazy, upset stomach"
*-*-Fa-Fs-L4,Fa-Fs-L4-00344,T26-00344,요즘 스트레스 해소는 어떻게 하는?,"혼영, 산책, 친구 수다",How have you been relieving stress lately?,"Solo movie, walking, chatting with friends"
*-*-Fa-Fs-L4,Fa-Fs-L4-00345,T26-00345,"음주 문제, 어떻게 해결해야 하는?","진솔한 대화, 상담, 자제 노력",What should I do about my drinking problem?,"Honest conversation, therapy, trying to control myself"
*-*-Lo-Sw-L3,Lo-Sw-L3-00346,T26-00346,내 술버릇 중에 젤 힘든 점은?,"같은 말 반복, 과도한 흥, 잦은 스킨십",What's the most annoying thing about my drinking habits?,"Repeating the same thing, being overly excited, too much physical contact"
*-*-Lo-Sw-L3,Lo-Sw-L3-00347,T26-00347,최근에 서운했던 일은?,"무시하는 태도, 기분 나쁜 말투, 상처 주는 말",Have you felt hurt recently?,"Being ignored, unpleasant tone, hurtful words"
*-*-Lo-Sw-L3,Lo-Sw-L3-00348,T26-00348,술 말고 재밌는 것은?,"운동 배우기, 새로운 취미, 즉흥 여행",What's something fun to do besides drinking?,"Learning a sport, new hobby, spontaneous trip"
*-*-B-Dc-L2,B-Dc-L2-00349,T26-00349,‘아무거나’ 시켰는데 최악은?,"정체불명 죽, 흰 쌀밥, 고급 코스",What's the worst thing you got when you said 'anything'?,"Mystery porridge, plain white rice, fancy course meal"
*-*-B-Dc-L2,B-Dc-L2-00350,T26-00350,귀찮을 때 해 먹는 요리는?,"쌈장 라면, 대충 김쌈, 남은 만두피",What do you cook when you're too lazy to cook?,"Ssamjang ramen, lazy seaweed wrap, leftover dumpling wrappers"
*-*-B-Dc-L2,B-Dc-L2-00351,T26-00351,제일 특이한 배달 조합은?,떡볶이에 밥!,What's the most unusual delivery food combination you've ever ordered?,Tteokbokki with rice!
*-*-Fa-Fs-L2,Fa-Fs-L2-00352,T26-00352,나만 맛있다는 메뉴는?,수제 돈가스!,What's a dish that only I seem to find delicious?,Homemade Tonkatsu!
*-*-Fa-Fs-L2,Fa-Fs-L2-00353,T26-00353,의외로 제일 잘 만드는 요리는?,김치전이지!,What's a surprisingly good dish you make?,"Kimchi pancake, of course!"
*-*-Fa-Fs-L2,Fa-Fs-L2-00354,T26-00354,최근 충동 구매한 음식은?,과자 한 박스,What's the most recent food you bought on impulse?,A whole box of snacks
*-*-Lo-Sw-L2,Lo-Sw-L2-00355,T26-00355,억지로 맛있다고 해본 음식은?,선짓국... 윽,What's a food you've pretended to like?,Seonjiguk (Ox Blood Soup)... Ugh
*-*-B-Sc-L4,B-Sc-L4-00356,T26-00356,고백할 걸 후회하는 순간은?,그 골목길에서,What's a moment you regret not confessing?,In that alleyway
*-*-Fa-Sw-L3,Fa-Sw-L3-00357,T26-00357,갑자기 떠오르는 물건은?,꽂혀있던 이어폰,What's an object that suddenly comes to mind?,Headphones that were plugged in
*-*-Fa-Sw-L3,Fa-Sw-L3-00358,T26-00358,우린 앞으로 무슨 사이가 될까?,베스트 프렌드지!,What kind of relationship do you think we'll have in the future?,"Best friends, of course!"
*-*-Fa-Sw-L3,Fa-Sw-L3-00359,T26-00359,나한테 뭘 부탁하고 싶은 건?,당연히 떡볶이!,What would you like to ask me to do for you?,"Tteokbokki, obviously!"
*-*-Lo-Sw-L3,Lo-Sw-L3-00360,T26-00360,"장거리 연애 약속, 뭘 정하면 좋을까?",매일 달 사진!,"If we made a long-distance relationship promise, what would be a good one to make?",Sending each other moon pictures every day!
*-*-B-Sc-L3,B-Sc-L3-00361,T26-00361,독서 허세 부린 것 중에 제일 후회되는 건?,"인스타 감성 카페, 어려운 책 읽는 척, 책에 밑줄 긋기",What's the most embarrassing thing you did to show off your 'intellectual' side with books?,"Instagrammable cafes, pretending to read difficult books, underlining passages in books"
*-*-Fa-Fs-L4,Fa-Fs-L4-00362,T26-00362,필사하다가 내 얘기 같았던 구절은?,"나를 찾아가는 과정, 나만의 기준 세우기, 속도보다 방향","While writing something down word for word, have you ever found a passage that resonated with your own life?","The process of finding myself, setting my own standards, direction over speed"
*-*-Lo-Sw-L4,Lo-Sw-L4-00363,T26-00363,책 읽으면서 위로받는 순간은?,"세상과 단절될 때, 모든 걸 멈추고 싶을 때, 나만의 속도로 갈 때",When do you feel comforted by reading a book?,"When I feel disconnected from the world, when I want to stop everything, when I'm going at my own pace"
*-*-Lo-Sw-L4,Lo-Sw-L4-00364,T26-00364,나만의 무기라고 할 만한 것은?,"나만의 확고한 기준, 당연한 건 없다는 생각, 나만의 논리",What would you say is your unique weapon or strength?,"My own firm standards, the belief that nothing is a given, my own logic"
*-*-Lo-Sw-L4,Lo-Sw-L4-00365,T26-00365,우리 관계를 떠올리게 하는 문장은?,"세상을 넓혀주는 관계, 기댈 수 있는 사람, 함께 답을 찾는 과정",What's a sentence that reminds you of our relationship?,"A relationship that broadens horizons, someone to lean on, the process of finding answers together"
*-*-B-Ar-L4,B-Ar-L4-00366,T26-00366,SNS에서 산 것 중에 제일 후회되는 것은?,"인플루언서 핏, 현실은 난민 핏, 친구들의 당황한 눈빛, 거울 보고 웃픈 현실",What's the most regrettable item you bought from social media?,"The influencer's fit, reality is a refugee's fit, my friend's shocked eyes, a bitter smile looking in the mirror"
*-*-B-Ar-L4,B-Ar-L4-00367,T26-00367,절대 포기 못하는 패션 아이템은?,"체인 달린 바지, 가죽 재킷, 망사 스타킹",What's one fashion item you can never give up?,"Chain pants, leather jacket, fishnet stockings"
*-*-B-Ar-L4,B-Ar-L4-00368,T26-00368,어떤 사람으로 기억되고 싶은?,"유쾌한 영감을 주는 사람, 도전을 즐기는 사람, 편안한 사람",What kind of person do you want to be remembered as?,"Someone who gives pleasant inspiration, someone who enjoys challenges, a comfortable person"
*-*-Fa-Fs-L4,Fa-Fs-L4-00369,T26-00369,어떤 삶이 잘 사는 삶이라고 생각해?,"나만의 시간을 갖는 것, 남과 비교하지 않는 것, 좋아하는 일을 하는 것",What kind of life do you consider a good life?,"Having time for myself, not comparing myself to others, doing what I love"
*-*-Fa-Fs-L4,Fa-Fs-L4-00370,T26-00370,살면서 제일 뿌듯했던 순간은?,"첫 월급으로 용돈 드릴 때, 확신이 들 때, 마침내 해냈을 때",When was the proudest moment in your life?,"When I gave my parents allowance with my first salary, when I feel confident, when I finally achieve something"
*-*-Fa-Fs-L4,Fa-Fs-L4-00371,T26-00371,최근에 무슨 고민이 제일 큰데?,"미래, 인간 관계, 자존감",What's your biggest worry these days?,"Future, Relationships, Self-esteem"
*-*-Lo-Sw-L4,Lo-Sw-L4-00372,T26-00372,"밤에 잠 안 오는 이유, 주로 뭐는?","자신감 부족, 후회, 미래 불안",What's the main reason you can't sleep at night?,"Lack of confidence, Regret, Anxiety about the future"
*-*-B-Ar-L4,B-Ar-L4-00373,T26-00373,나 들킨 것 같다고 느낄 때는?,"목소리 떨림, 어색한 웃음, 깊은 한숨",When do you feel like you've been caught?,"Voice trembling, Awkward laughter, Deep sigh"
*-*-B-Ar-L4,B-Ar-L4-00374,T26-00374,진짜 소름 돋았던 순간은?,"내 고민 맞춤, 생각 읽힘, 으악?",When did you get goosebumps?,"Someone guessed my worries, Mind reading, Eek?"
*-*-B-Ar-L4,B-Ar-L4-00375,T26-00375,갑자기 울컥했던 순간은 언제는?,"""힘들지?"" 이 말, 위로 목소리, 공감",When did you suddenly feel overwhelmed?,"Hearing ""Are you having a hard time?"", Comforting voice, Empathy"
*-*-Fa-Ms-L4,Fa-Ms-L4-00376,T26-00376,엄마한테 딱 걸렸던 순간은?,"엄마 목소리, 솔직히 다 말함, 역시 엄마",When did your mom catch you red-handed?,"Mom's voice, Confessed everything, As expected of Mom"
*-*-Lo-Sw-L4,Lo-Sw-L4-00377,T26-00377,애인이 눈치챘을 때 특징은?,"어색한 말투, ""무슨 일 있어?"", 나보다 잘 앎",How can your partner tell something's up?,"Awkward tone, ""What's wrong?"", Knows me better than I know myself"
*-*-Lo-Sw-L4,Lo-Sw-L4-00378,T26-00378,어떤 위로에 감동받는 편이야?,"""안 해도 괜찮아"", 마음 편해짐, 든든한 느낌",What kind of comforting words touch your heart?,"""It's okay if you don't"", Feeling relieved, Feeling secure"
*-*-Lo-Sw-L4,Lo-Sw-L4-00379,T26-00379,"내 감정, 목소리로 티 많이 나는 편이야?","목소리 떨림, 다 알아챔?, 완전 민망",Is it obvious from my voice when I'm feeling something?,"Voice trembling, Do you notice everything?, So embarrassing"
*-*-M-Sc-L2,M-Sc-L2-00380,T26-00380,나의 '갓생' 최대 빌런은?,"지긋지긋 월요병, 카드값 폭탄, 유튜브 알고리즘",What's the biggest obstacle to my 'perfect life'?,"Terrible Monday blues, Credit card bills, YouTube algorithm"
*-*-B-Sc-L2,B-Sc-L2-00381,T26-00381,내 MBTI를 확신한 순간은?,"여행 계획, 강아지 영상, 혼자 엉엉 울 때",When was the moment you were absolutely sure about my MBTI?,"Planning a trip, watching dog videos, crying alone"
*-*-B-Sc-L2,B-Sc-L2-00382,T26-00382,제일 끔찍했던 시간표는?,"금요일 오전 수업, 조별 과제, 연강",What was the worst class schedule you ever had?,"Friday morning class, group projects, back-to-back classes"
*-*-Fa-Co-L2,Fa-Co-L2-00383,T26-00383,칭찬해 줄 만한 건강 습관은?,"만 보 걷기, 야식 안 먹기, 스트레칭",What's a healthy habit of mine that deserves praise?,"Walking 10,000 steps, not eating late-night snacks, stretching"
*-*-Fa-Co-L2,Fa-Co-L2-00384,T26-00384,지금이랑 젤 다른 점은?,"입맛, 주량, 패션 스타일",What's the biggest difference between me now and before?,"Taste in food, alcohol tolerance, fashion style"
*-*-Fa-Co-L2,Fa-Co-L2-00385,T26-00385,최근 소소하게 기뻤던 일은?,"새싹 틔움, 잃어버린 물건 찾음, 친구랑 통화","What's a small, recent piece of good news?","Sprouting a seed, finding a lost item, talking to a friend"
*-*-Lo-Sw-L1,Lo-Sw-L1-00386,T26-00386,나만의 소확행 아이템은?,"시원한 맥주, 노이즈 캔슬링 이어폰, 웃긴 예능",What's my go-to item for small happiness?,"Cold beer, noise-canceling earphones, funny TV shows"
*-*-Lo-Sw-L1,Lo-Sw-L1-00387,T26-00387,나만 알기 아까운 최애는?,"인생 드라마, 동네 분위기 좋은 카페, 맛있는 배달 맛집",What's my favorite thing that I almost don't want to share?,"Favorite TV show, cozy neighborhood cafe, great delivery restaurant"
*-*-Lo-Sw-L1,Lo-Sw-L1-00388,T26-00388,내 첫인상 중 웃긴 부분은?,"말 엄청 많음, 독특한 옷 스타일, 어딘가 허당",What's the funniest thing about my first impression?,"Talkative, unique clothing style, clumsy/airhead vibe"
*-*-B-Sc-L1,B-Sc-L1-00389,T26-00389,최악의 디저트 조합은?,"민트초코 떡볶이, 소금 케이크, 김치 젤리",What's the absolute worst dessert combination?,"Mint chocolate tteokbokki, salt cake, kimchi jelly"
*-*-B-Sc-L1,B-Sc-L1-00390,T26-00390,제일 좋아하는 디저트는?,"망고 빙수, 고급 파티시에 케이크, 위스키 봉봉",What's your all-time favorite dessert?,"Mango shaved ice, fancy patissier cake, whiskey bonbons"
*-*-B-Sc-L1,B-Sc-L1-00391,T26-00391,힘들 때 찾는 힐링 디저트는?,"초콜릿, 아샷추, 달고나 밀크티",What dessert do you crave when you're stressed?,"Chocolate, Iced Americano with shot of sweet syrup, Dalgona Milk Tea"
*-*-Fa-Co-L1,Fa-Co-L1-00392,T26-00392,몰래 숨겨 먹던 최애 간식은?,"초코파이, 새콤달콤, 젤리",What's your favorite snack you used to hide and eat?,"Choco Pie, Saekomdalkom (Korean sour candy), Jelly"
*-*-Fa-Co-L1,Fa-Co-L1-00393,T26-00393,명절 느끼함 싹 가시게 할 후식은?,"마라탕, 식혜, 탄산음료",What dessert or drink helps you get rid of the greasy feeling after a holiday meal?,"Mala Tang (spicy numbing soup), Sikhye (Korean sweet rice drink), Soda"
*-*-Fa-Co-L1,Fa-Co-L1-00394,T26-00394,최근에 먹었던 행복 디저트는?,"츄러스, 수제 케이크, 따뜻한 코코아",What dessert made you really happy recently?,"Churros, Homemade cake, Hot cocoa"
*-*-Lo-Sw-L2,Lo-Sw-L2-00395,T26-00395,소개팅에서 최악인 디저트는?,"인절미 빙수, 흑임자 라떼, 과일 주스",What's the worst dessert to have on a blind date?,"Injeolmi Bingsu (Korean shaved ice with rice cake), Black Sesame Latte, Fruit Juice"
*-*-Lo-Sw-L1,Lo-Sw-L1-00396,T26-00396,줄 서서 기다려 먹을 디저트는?,"약과, 소금빵, 시즌 한정 케이크",What dessert are you willing to wait in line for?,"Yakgwa (Korean honey cookie), Salt Bread, Limited-edition seasonal cake"
*-*-Lo-Sw-L1,Lo-Sw-L1-00397,T26-00397,나는 극호! 완전 좋아하는 디저트는?,"민트초코, 하와이안 피자, 솔의눈 캔디",What's a dessert that you absolutely love and will always choose?,"Mint Chocolate, Hawaiian Pizza, Sol-ui-nun (Korean pine needle drink) candy"
*-*-B-Dc-L2,B-Dc-L2-00398,T26-00398,날씨 때문에 망쳐버린 약속은?,"앞머리 실종, 도시락 엉망, 우산 고장",What appointment or plan was ruined by the weather?,"Hair gone flat, ruined lunchbox, broken umbrella"
*-*-B-Dc-L2,B-Dc-L2-00399,T26-00399,나만의 특이한 더위/추위 피하는 방법은?,"냉동실 잠깐, 겹쳐 입기, 얼음물 족욕",What's your unique way of escaping the heat or cold?,"Short time in freezer, Layering clothes, Ice water foot bath"
*-*-B-Dc-L2,B-Dc-L2-00400,T26-00400,날씨 핑계로 즉흥적으로 한 행동은?,"바다 보러, 파전에 막걸리, 계곡 나들이","What's something spontaneous you've done, blaming it on the weather?","Going to the beach, Eating Pajeon (Korean pancake) and Makgeolli (Korean rice wine), Trip to the valley"
*-*-Fa-Br-L2,Fa-Br-L2-00401,T26-00401,"몰래 온도 바꾼 적, 나는?","쿨매트, 몰래 리모컨 조작",Have you ever secretly changed the temperature?,"Cooling mat, Secretly adjusting the remote"
*-*-Fa-B-rL2,Fa-B-rL2-00402,T26-00402,영화 같은 악천후 경험은?,"찢어진 우산, 갑자기 쏟아진 물벼락, 날아간 간판",What's your most movie-like experience in bad weather?,"Torn umbrella, Sudden downpour, Flying sign"
*-*-Fa-Br-L2,Fa-Br-L2-00403,T26-00403,"날씨 핑계로 엄살 부린 적, 나는?","쑤시는 무릎, 심해지는 미세먼지 알레르기",Have you ever exaggerated an ailment because of the weather?,"Aching knees, Worsening fine dust allergy"
*-*-Lo-Sw-L2,Lo-Sw-L2-00404,T26-00404,망해서 더 좋았던 데이트는?,"어쩌다 하게 된 산책, 만화카페 데이트, 끓여먹는 라면",What's a date that was so bad it was actually good?,"Unexpected walk, Manga cafe date, Ramen cooked together"
*-*-Lo-Sw-L2,Lo-Sw-L2-00405,T26-00405,유난 떠는 연인 걱정은?,"데려다 주기, 핫팩 챙겨주기, 택시 태워 보내기",How do you worry about your overly sensitive partner?,"Walking them home, Giving them a hot pack, Sending them home in a taxi"
*-*-Lo-Sw-L2,Lo-Sw-L2-00406,T26-00406,"날씨 핑계로 감성 폭발한 적, 나는?","날씨에 맞는 노래 듣기, 감성적인 시 읽기, 바다 보러 가기",Have you ever gotten emotional because of the weather?,"Listening to weather-appropriate songs, Reading emotional poems, Going to see the sea"
*-*-B-Sc-L2,B-Sc-L2-00407,T26-00407,MBTI 보고 의외였던 첫인상은?,"다정한 T, 핵인싸 I",What's a first impression that was surprising given their MBTI?,"A caring T, An extreme extroverted I"
*-*-B-Sc-L2,B-Sc-L2-00408,T26-00408,MBTI 안 맞아 힘들었던 팀플은?,"혼자 PPT 만드는 P, 발표 도맡아 하는 I",What's a group project that was difficult due to MBTI differences?,"A P making the PPT alone, An I doing all the presentations"
*-*-B-Sc-L2,B-Sc-L2-00409,T26-00409,MBTI로 섣불리 판단한 적은?,"과한 리액션, 완벽한 정리",Have you ever made a snap judgment based on someone's MBTI?,"Excessive reactions, Perfect organization"
*-*-Fa-Br-L3,Fa-Br-L3-00410,T26-00410,"가족 MBTI 반전 있었어, 나는?","알고 보니 아빠 F, 알고 보니 엄마 P",Was there an MBTI plot twist in your family?,"Turns out Dad is F, Turns out Mom is P"
*-*-Fa-Br-L3,Fa-Br-L3-00411,T26-00411,가족끼리 겪었던 제일 웃긴 일은?,"여행 가다 길 잘못 듦, 저녁 메뉴 싸움, 숙제 미루기 대잔치",What's the funniest thing that happened with your family?,"Getting lost on a trip, fighting over dinner menus, a big procrastination party for homework."
*-*-Fa-Br-L3,Fa-Br-L3-00412,T26-00412,돌이켜보면 후회되는 연애 조언은?,"절대 만나지 마, 똑같은 실수 반복, 걔는 너 안 좋아해",What's a dating advice you regret giving?,"Don't ever date them, repeating the same mistake, they don't like you."
*-*-Lo-Sw-L2,Lo-Sw-L2-00413,T26-00413,MBTI 관련 제일 기억에 남는 반응은?,"T인데 완전 공감, 보자마자 느낌 옴, 극과 극",What's the most memorable reaction you've had related to MBTI?,"They're a T but very empathetic, I had a feeling right away, completely opposite types."
*-*-Lo-Sw-L2,Lo-Sw-L2-00414,T26-00414,MBTI 궁합 관련 웃겼던 말은?,"파국이다, 대화 단절, 매일 싸움각",What's a funny thing someone said about MBTI compatibility?,"It's doomed, no communication, guaranteed to fight every day."
*-*-Lo-Sw-L2,Lo-Sw-L2-00415,T26-00415,"우리 커플, 이런 점이 최고다, 뭐는?","우리만 웃긴 개그, 맘텔레파시, 서로 리스펙",What's the best thing about our couple?,"We have jokes only we find funny, mind telepathy, mutual respect."
*-*-B-Sc-L2,B-Sc-L2-00416,T26-00416,"민트초코는 치약 vs 아이스크림, 뭐는?","인생템, 치약맛 극혐, 민초 사랑해",Mint chocolate: toothpaste or ice cream?,"My favorite, hate the toothpaste taste, I love mint chocolate."
*-*-B-Sc-L2,B-Sc-L2-00417,T26-00417,최악의 팀플 빌런 유형은?,"자료 조사 튀튀, 말만 번지르르, 조장인데 책임 회피",What's the worst type of team project villain?,"Disappears during research, all talk and no action, leader who avoids responsibility."
*-*-B-Sc-L2,B-Sc-L2-00418,T26-00418,"인생 마지막 점심 메뉴를 고른다면, 뭐는?","엄마가 해준 집밥, 비싼 소고기, 뜨끈한 국밥","If you could choose your last lunch on earth, what would it be?","Mom's home-cooked meal, expensive steak, a hearty bowl of soup"
*-*-Fa-Co-L2,Fa-Co-L2-00419,T26-00419,요즘 삶의 질을 높여준 인생템은?,"로봇청소기 이모님, 꿀잠 보장 암막커튼, 나만의 세상, 노캔",What's one life-changing item that's improved your quality of life lately?,"Robot vacuum cleaner, blackout curtains for good sleep, noise-canceling headphones, my own world"
*-*-Fa-Co-L2,Fa-Co-L2-00420,T26-00420,이번 여행에서 딱 하나 이기적으로 하고 싶은 것은?,"오션뷰 카페에서 멍때림, 새벽 바다 수영, 계획 없이 즉흥적으로","On this trip, what's one selfish thing you're gonna do?","Stare blankly at the ocean view from a cafe, swim in the ocean at dawn, be spontaneous without a plan"
*-*-Fa-Co-L2,Fa-Co-L2-00421,T26-00421,요즘 유행하는 것 중에 은근히 내 취향인 건?,"나도 모르게 따라 하는 챌린지, 알고리즘 추천 숏폼, 돌아온 Y2K 패션",What's a trend lately that's secretly your thing?,"Challenges I unconsciously follow, algorithm-recommended short videos, the return of Y2K fashion"
*-*-Lo-Sw-L1,Lo-Sw-L1-00422,T26-00422,의외로 좋았던 장소나 경험은?,"허름한데 줄 서는 맛집, 알고 보니 격한 꽃꽂이, 사진빨이었던 SNS 핫플",What's a place or experience you unexpectedly enjoyed?,"A dive restaurant with a long line, surprisingly intense flower arranging, an Instagrammable spot that wasn't all that"
*-*-Lo-Sw-L1,Lo-Sw-L1-00423,T26-00423,"돈, 시간 제약 없다면 하고픈 데이트는?","오로라 보며 뒹굴뒹굴, 캠핑카 타고 무계획 여행, 해외에서 명품 플렉스","If money and time were no object, what kind of date would you want?","Snuggling while watching the aurora borealis, an unplanned road trip in a camper van, a luxury shopping spree overseas"
*-*-Lo-Sw-L1,Lo-Sw-L1-00424,T26-00424,절대 포기 못 하는 나만의 취향은?,"파인애플 피자, 한여름에도 얼죽아, 공포영화로 힐링",What's a personal preference you'll never give up?,"Pineapple on pizza, iced drinks even in the dead of winter, relaxing with horror movies"
*-*-B-Sc-L1,B-Sc-L1-00425,T26-00425,분위기 때문에 지갑 털렸던 기억은?,"밥보다 비싼 커피, 사진만 예쁜 곳, 위생 포기한 맛집",When did the atmosphere make you splurge?,"Coffee more expensive than a meal, a place that only looks good in photos, a delicious restaurant where you have to ignore the hygiene"
*-*-B-Sc-L1,B-Sc-L1-00426,T26-00426,나만 빼고 다 좋았던 모임 장소는?,"나만 못 먹는 메뉴, 집에서 너무 멀 때, 대화가 불가능할 때",What's a meetup spot everyone else loved but you didn't?,"A menu I couldn't eat anything from, a place too far from home, a place where conversation was impossible"
*-*-B-Sc-L1,B-Sc-L1-00427,T26-00427,"내 최애 장소, 딱 한 명만 데려간다면 누구는?","진짜 친한 친구, 좋아하는 사람, 아무도 안 알려줌","If you could take only one person to your favorite place, who would it be?","A really close friend, someone I like, I'm not telling anyone"
*-*-Fa-Co-L1,Fa-Co-L1-00428,T26-00428,"요즘 핫플, 솔직히 이해 안 가는 곳은?","웨이팅 필수인 곳, 사진만 찍는 카페, 가격이 너무 비쌀 때",What's a trendy place these days you just don't get?,"A place with a mandatory wait, a cafe that's only good for taking pictures, when the price is too high"
*-*-Fa-Co-L1,Fa-Co-L1-00429,T26-00429,생각 정리할 때 나도 모르게 가게 되는 곳은?,"집 앞 단골 카페, 조용한 동네 서점, 뻥 뚫리는 공원",Where do you unconsciously go to clear your head?,"My favorite neighborhood cafe, a quiet local bookstore, a park where I can feel the breeze"
*-*-Fa-Co-L1,Fa-Co-L1-00430,T26-00430,주말에 더 끌리는 건? 맛집 vs 전시는?,"무조건 맛집 탐방, 요즘 핫한 전시, 둘 다 가는 풀코스",Which is more appealing on the weekend? Foodie spot vs. exhibit,"Definitely a foodie adventure, a hot new exhibit, a full-course of both"
*-*-Lo-Sw-L1,Lo-Sw-L1-00431,T26-00431,데이트할 때 더 좋은 곳은? 핫플 vs 아지트는?,"북적이는 핫플, 조용한 아지트, 상대방 따라 다름",Better for a date: Trendy spot vs. hideaway,"A bustling trendy spot, a quiet hideaway, it depends on the other person"
*-*-Lo-Sw-L1,Lo-Sw-L1-00432,T26-00432,나의 최애 장소에 얽힌 웃픈 기억은?,"우연히 발견한 곳, 혼자 펑펑 울었던 날, 인생 최대의 흑역사",What's a funny or sad memory connected to your favorite place?,"A place I stumbled upon, the day I cried my eyes out alone, the biggest embarrassing moment of my life"
*-*-Lo-Sw-L1,Lo-Sw-L1-00433,T26-00433,"시간, 돈 걱정 없다면 하고 싶은 데이트는?","당장 해외여행, 머리부터 발끝까지 호캉스, 맛집 플렉스","If time and money weren't an issue, what kind of date would you want?","A trip overseas immediately, a head-to-toe luxury hotel stay, splurging at a great restaurant"
*-*-*-*-L1,*-*-L1-00434,T26-00434,지금 당장 먹고 싶은 건?,"매운 떡볶이, 시원한 맥주, 집밥",What do you want to eat right now?,"Spicy rice cakes, a cold beer, home-cooked meal"
*-*-*-*-L1,*-*-L1-00435,T26-00435,"이번 주말, 완벽한 계획은?","하루 종일 잠, 한강 피크닉, 밀린 영화","This weekend, what's the perfect plan?","Sleep all day, a picnic by the river, catching up on movies"
*-*-*-*-L1,*-*-L1-00436,T26-00436,처음 봤을 때 내 첫인상은?,"차가워 보임, 말 많을 듯, 내 스타일",What was your first impression of me?,"Seemed cold, Probably talks a lot, My type"
*-*-*-*-L2,*-*-L2-00437,T26-00437,학창시절 제일 큰 흑역사는?,"졸업사진, 장기자랑, 고백 실패",Biggest embarrassing moment from school days?,"Graduation photo, Talent show, Failed confession"
*-*-*-*-L2,*-*-L2-00438,T26-00438,요즘 가장 꽂힌 취미는?,"클라이밍, 베이킹, 유튜브 정주행",What's your current favorite hobby?,"Climbing, Baking, Binge-watching YouTube"
*-*-*-*-L2,*-*-L2-00439,T26-00439,진짜 싫어하는 사람 유형은?,"약속 어기는, 말 끊는, 허세 심한",What type of person do you really dislike?,"Breaks promises, Interrupts, Big show-off"
*-*-*-*-L3,*-*-L3-00440,T26-00440,"마지막 연애, 헤어진 이유는?","성격 차이, 환승 당함, 장거리 연애","Last relationship, why did you break up?","Personality differences, Got cheated on, Long distance"
*-*-*-*-L3,*-*-L3-00441,T26-00441,내 외모 중 가장 고치고 싶은 부분은?,"낮은 코, 짝눈, 작은 키",What's the one thing you'd change about my appearance?,"Flat nose, Uneven eyes, Short height"
*-*-*-*-L3,*-*-L3-00442,T26-00442,인생 최대의 후회는?,"비트코인 안 산 거, 전공 선택, 그때 그 말",Biggest regret in life?,"Not buying Bitcoin, Choosing my major, What I said back then"
*-*-*-*-L4,*-*-L4-00443,T26-00443,요즘 나를 잠 못 들게 하는 고민거리는?,"취업 걱정, 인간관계, 빚",What's the thing that's been keeping me up at night lately?,"Worrying about job, Relationships, Debt"
*-*-*-*-L4,*-*-L4-00444,T26-00444,"가족한테 받은 상처, 혹시 있는?","비교당할 때, 무관심, 싸웠던 기억",Have I ever been hurt by my family?,"Being compared, Lack of interest, Memories of fights"
*-*-*-*-L4,*-*-L4-00445,T26-00445,아직도 힘든 트라우마는?,"물 공포증, 발표 불안, 사람 믿기 힘듦",Trauma that's still hard to deal with?,"Fear of water, Stage fright, Hard to trust people"
*-*-*-*-L5,*-*-L5-00446,T26-00446,무덤까지 가져갈 비밀은?,"사실 빚 있음, 성형 수술, 과거 신분세탁(?)",What's one secret I'll take to the grave?,"Actually in debt, Plastic surgery, Past identity change(?)"
*-*-*-*-L5,*-*-L5-00447,T26-00447,10년 뒤 나는 뭐 하고 있을까나?,"건물주, 세계일주, 귀농",What will I be doing in 10 years?,"Landlord, Traveling the world, Back to farming"
*-*-*-*-L5,*-*-L5-00448,T26-00448,살면서 내가 저지른 가장 큰 실수는?,"보증 선 거, 술 먹고 실수, 친구 손절",What's the biggest mistake I've made in life?,"Cosigning a loan, Drunk mistake, Cutting off a friend"
*-*-B-Ar-*,B-Ar-*-00449,T26-00449,우리가 아직까지 친구인 이유는?,"약점 잡혀서, 너무 잘 알아서, 의리",What's the reason we're still friends?,"Have dirt on each other, Know each other too well, Loyalty"
*-*-B-Ar-*,B-Ar-*-00450,T26-00450,군대에서 내가 가장 서러웠던 순간은?,"화생방, 첫 휴가 복귀, 여자친구 이별",What was the most upsetting moment for me in the military?,"Chemical warfare training, Returning from first leave, Girlfriend break up"
*-*-B-Ar-*,B-Ar-*-00451,T26-00451,어릴 때 같이 했던 놀이 중 최고는?,"고무줄 놀이, 인형 옷 입히기, 비밀 아지트",What's the best game we used to play as kids?,"Jump rope, Dressing up dolls, Secret hideout"
*-*-B-Sc-*,B-Sc-*-00452,T26-00452,학창시절로 돌아가면 내가 하고 싶은 것은?,"공부 열심히, 짝사랑 고백, 친구랑 더 놀기","If I could go back to high school, what would I do?","Study harder, Confess my crush, Hang out more with friends"
*-*-B-Sc-*,B-Sc-*-00453,T26-00453,학교 다닐 때 나 이성으로 봤던 적은?,"아니 전혀, 잠깐 설렜음, 솔직히 조금",Did you ever see me as more than a friend back in school?,"Not at all, Briefly, Honestly a little"
*-*-B-Or-*,B-Or-*-00454,T26-00454,솔직히 내가 이직 고민한 적 언제였는?,"매일 아침, 월급날, 상사 잔소리",When was the last time I seriously thought about quitting my job?,"Every morning, On payday, When my boss nags"
*-*-B-Or-*,B-Or-*-00455,T26-00455,회사에서 내가 제일 꼴보기 싫어하는 사람은?,"월급 루팡, 책임 회피형, 아부왕",Who's the most annoying person to me at work?,"Slacker, Blame-shifter, Brown-noser"
*-*-B-Dc-*,B-Dc-*-00456,T26-00456,집 앞 편의점 올 때 패션은?,"무릎 나온 바지, 완전 풀세팅, 수면 바지",What's your go-to outfit for a quick trip to the convenience store?,"Sagging sweats, Full glam, Pajama pants"
*-*-B-Dc-*,B-Dc-*-00457,T26-00457,동네에서 마주치면 나 모른 척 할 수 있는?,"쌩얼이면 가능, 절대 불가능, 눈인사만","If we ran into each other in the neighborhood, could you pretend not to see me?","If I'm bare-faced, Never, Just a nod"
*-*-Fa-Br-*,Fa-Br-*-00458,T26-00458,부모님 몰래 저지른 사고는?,"성적표 위조, 학원 땡땡이, 몰래 알바",What's the worst thing you ever did that your parents don't know about?,"Forged report card, Skipped academy, Secret part-time job"
*-*-Fa-Br-*,Fa-Br-*-00459,T26-00459,솔직히 내가 부러웠던 적은?,"공부 잘해서, 용돈 많이 받아서, 자유로워서",When were you honestly jealous of me?,"For being smart, For getting lots of allowance, For being carefree"
*-*-Fa-Sb-*,Fa-Sb-*-00460,T26-00460,내 친구 중에 내가 소개해주고 싶은 사람은?,"절대 없음, 키 큰 그 친구, 성격 좋은 애",Which of my friends would I want to set you up with?,"Absolutely none, That tall friend, The one with a good personality"
*-*-Fa-Sb-*,Fa-Sb-*-00461,T26-00461,내가 오빠/누나 같아 보일 때는?,"용돈 줄 때, 고민 들어줄 때, 없음",When do I seem like an older brother/sister?,"When you give allowance, When you listen to my worries, Never"
*-*-Lo-Sw-*,Lo-Sw-*-00462,T26-00462,나랑 결혼 생각 해본 적은?,"매일 함, 아직은 이름, 비밀",Have you ever thought about marrying me?,"Every day, Not yet, Secret"
*-*-Lo-Sw-*,Lo-Sw-*-00463,T26-00463,"내 폰 비번 공유, 어디까지 가능은?","절대 안 됨, 상관없음, 이미 알잖아",How willing are you to share your phone password with me?,"Absolutely not, Sure, You already know it"
*-*-Lo-Sw-*,Lo-Sw-*-00464,T26-00464,권태기를 느낀 적은?,"한 번 쯤, 전혀 없음, 싸울 때 잠깐",Have you ever felt like we were in a rut?,"Once or twice, Never, Briefly when we fight"
*-*-Lo-Hw-*,Lo-Hw-*-00465,T26-00465,다시 태어나도 나와 결혼이라... 그럴 마음은?,"당연하지, 혼자 살래, 고민 좀...","If reborn, would you still want to marry me?","Of course, I'd live alone, Let me think..."
*-*-Lo-Hw-*,Lo-Hw-*-00466,T26-00466,배우자가 모르는 비상금 액수는?,"십만원 대, 없음, 상상 초월",What's the secret stash amount your partner doesn't know about?,"Around 100,000 won, None, Unimaginable"
*-*-Lo-Hw-*,Lo-Hw-*-00467,T26-00467,가장 서운했던 명절은?,"저번 설날, 음식 혼자 할 때, 비교당할 때",Which holiday left you feeling the most bummed out?,"Last Lunar New Year, Cooking alone, Being compared to others"
